t_s,head_x_mm,head_y_mm,head_z_mm,pitch_deg,yaw_deg,roll_deg,head_dx_mm,head_dy_mm,head_dz_mm,off_x,off_y,off_z,off_b,off_c,confidence,tracking_ok
0.0,0.0,5.798,607.708,0.0,3.894,2.674,0.0,0.0,0.0,0.0,0.0,0.0,0.0,0.0,1.0,1
0.0167,0.283,5.877,607.726,0.095,3.99,2.697,-0.018,0.283,-0.079,0.0,0.0,0.0,0.0,0.0,1.0,1
0.0333,0.565,5.955,607.743,0.191,4.086,2.72,-0.035,0.565,-0.157,0.0,0.0,0.0,0.0,0.0,1.0,1
0.05,0.848,6.032,607.76,0.286,4.182,2.742,-0.051,0.848,-0.234,0.0,0.0,0.0,0.0,0.0,1.0,1
0.0667,1.13,6.109,607.776,0.381,4.276,2.764,-0.067,1.13,-0.311,0.0,0.0,0.0,0.0,0.0,1.0,1
0.0833,1.412,6.185,607.791,0.476,4.371,2.784,-0.083,1.412,-0.387,-0.0829,1.4123,-0.3866,0.0,0.0,1.0,1
0.1,1.694,6.259,607.806,0.571,4.465,2.803,-0.098,1.694,-0.462,-0.0978,1.6939,-0.4615,0.0,0.0,1.0,1
0.1167,1.975,6.334,607.821,0.666,4.558,2.822,-0.112,1.975,-0.536,-0.1122,1.9752,-0.5356,0.0,0.0,1.0,1
0.1333,2.256,6.407,607.834,0.761,4.651,2.84,-0.126,2.256,-0.609,-0.126,2.256,-0.6088,0.0,0.0,1.0,1
0.15,2.536,6.479,607.848,0.856,4.744,2.856,-0.139,2.536,-0.681,-0.1393,2.5362,-0.6812,0.0,0.0,1.0,1
0.1667,2.816,6.551,607.861,0.95,4.836,2.872,-0.152,2.816,-0.753,-0.152,2.8158,-0.7528,0.0,0.0,1.0,1
0.1833,3.095,6.621,607.873,1.044,4.927,2.887,-0.164,3.095,-0.823,-0.1642,3.0947,-0.8234,0.0,0.0,1.0,1
0.2,3.373,6.691,607.884,1.138,5.018,2.901,-0.176,3.373,-0.893,-0.1759,3.3729,-0.8932,0.0,0.0,1.0,1
0.2167,3.65,6.76,607.895,1.232,5.108,2.914,-0.187,3.65,-0.962,-0.1869,3.6502,-0.9621,0.0,0.0,1.0,1
0.2333,3.927,6.828,607.906,1.326,5.198,2.927,-0.197,3.927,-1.03,-0.1975,3.9266,-1.0301,0.0,0.0,1.0,1
0.25,4.202,6.895,607.916,1.42,5.287,2.938,-0.207,4.202,-1.097,-0.2074,4.202,-1.0972,0.0,0.0,1.0,1
0.2667,4.476,6.961,607.925,1.513,5.376,2.948,-0.217,4.476,-1.163,-0.2168,4.4764,-1.1633,0.0,0.0,1.0,1
0.2833,4.75,7.027,607.934,1.606,5.464,2.958,-0.226,4.75,-1.229,-0.2257,4.7497,-1.2286,0.0,0.0,1.0,1
0.3,5.022,7.091,607.942,1.698,5.551,2.966,-0.234,5.022,-1.293,-0.234,5.0218,-1.2929,0.0,0.0,1.0,1
0.3167,5.293,7.154,607.95,1.79,5.638,2.974,-0.242,5.293,-1.356,-0.2417,5.2927,-1.3563,0.0,0.0,1.0,1
0.3333,5.562,7.217,607.957,1.882,5.724,2.98,-0.249,5.562,-1.419,-0.2489,5.5623,-1.4187,0.0,0.0,1.0,1
0.35,5.831,7.278,607.964,1.974,5.81,2.986,-0.256,5.831,-1.48,-0.2556,5.8305,-1.4801,0.0,0.0,1.0,1
0.3667,6.097,7.339,607.97,2.065,5.895,2.991,-0.262,6.097,-1.541,-0.2616,6.0973,-1.5407,0.0,0.0,1.0,1
0.3833,6.363,7.398,607.976,2.156,5.979,2.994,-0.267,6.363,-1.6,-0.2671,6.3625,-1.6002,0.0,0.0,1.0,1
0.4,6.626,7.457,607.981,2.247,6.062,2.997,-0.272,6.626,-1.659,-0.2721,6.6262,-1.6587,0.0,0.0,1.0,1
0.4167,6.888,7.514,607.985,2.337,6.145,2.999,-0.276,6.888,-1.716,-0.2765,6.8883,-1.7163,1.0329,0.0,1.0,1
0.4333,7.149,7.571,607.989,2.426,6.228,3.0,-0.28,7.149,-1.773,-0.2803,7.1487,-1.7728,1.0745,0.0,1.0,1
0.45,7.407,7.626,607.992,2.515,6.309,3.0,-0.284,7.407,-1.828,-0.2836,7.4073,-1.8284,1.1161,0.0,1.0,1
0.4667,7.664,7.681,607.995,2.604,6.39,2.999,-0.286,7.664,-1.883,-0.2863,7.664,-1.8829,1.1576,0.0,1.0,1
0.4833,7.919,7.734,607.997,2.692,6.47,2.997,-0.288,7.919,-1.936,-0.2884,7.9189,-1.9365,1.199,0.0,1.0,1
0.5,8.172,7.787,607.998,2.78,6.55,2.994,-0.29,8.172,-1.989,-0.29,8.1718,-1.989,1.2404,0.0,1.0,1
0.5167,8.423,7.838,608.0,2.867,6.629,2.99,-0.291,8.423,-2.04,-0.291,8.4227,-2.0404,1.2817,0.0,1.0,1
0.5333,8.672,7.889,608.0,2.954,6.707,2.985,-0.292,8.672,-2.091,-0.2915,8.6716,-2.0908,1.323,0.0,1.0,1
0.55,8.918,7.938,608.0,3.04,6.784,2.98,-0.291,8.918,-2.14,-0.2914,8.9183,-2.1402,1.3641,0.0,1.0,1
0.5667,9.163,7.987,607.999,3.126,6.861,2.973,-0.291,9.163,-2.189,-0.2907,9.1627,-2.1885,1.4052,0.0,1.0,1
0.5833,9.405,8.034,607.998,3.211,6.936,2.965,-0.29,9.405,-2.236,-0.2895,9.405,-2.2358,1.4462,0.0,1.0,1
0.6,9.645,8.08,607.996,3.295,7.011,2.957,-0.288,9.645,-2.282,-0.2877,9.6449,-2.282,1.4871,0.0,1.0,1
0.6167,9.882,8.125,607.994,3.379,7.086,2.947,-0.285,9.882,-2.327,-0.2854,9.8824,-2.3271,1.5279,0.0,1.0,1
0.6333,10.118,8.169,607.991,3.462,7.159,2.937,-0.282,10.118,-2.371,-0.2825,10.1175,-2.3712,1.5685,0.0,1.0,1
0.65,10.35,8.212,607.987,3.544,7.232,2.925,-0.279,10.35,-2.414,-0.279,10.3501,-2.4141,1.609,0.0,1.0,1
0.6667,10.58,8.254,607.983,3.626,7.304,2.913,-0.275,10.58,-2.456,-0.275,10.5801,-2.456,1.6495,0.0,1.0,1
0.6833,10.808,8.295,607.979,3.707,7.375,2.9,-0.27,10.808,-2.497,-0.2704,10.8076,-2.4968,1.6897,0.0,1.0,1
0.7,11.032,8.334,607.974,3.788,7.445,2.886,-0.265,11.032,-2.536,-0.2653,11.0323,-2.5365,1.7298,0.0,1.0,1
0.7167,11.254,8.373,607.968,3.868,7.515,2.871,-0.26,11.254,-2.575,-0.2596,11.2544,-2.5751,1.7698,0.0,1.0,1
0.7333,11.474,8.41,607.962,3.947,7.583,2.855,-0.253,11.474,-2.613,-0.2533,11.4736,-2.6125,1.8096,0.0,1.0,1
0.75,11.69,8.447,607.955,4.025,7.651,2.838,-0.246,11.69,-2.649,-0.2465,11.6901,-2.6489,1.8493,0.0,1.0,1
0.7667,11.904,8.482,607.948,4.103,7.718,2.82,-0.239,11.904,-2.684,-0.2391,11.9036,-2.6841,1.8888,0.0,1.0,1
0.7833,12.114,8.516,607.94,4.179,7.784,2.801,-0.231,12.114,-2.718,-0.2311,12.1142,-2.7182,1.9281,0.0,1.0,1
0.8,12.322,8.549,607.931,4.256,7.85,2.782,-0.223,12.322,-2.751,-0.2226,12.3218,-2.7512,1.9672,0.0,1.0,1
0.8167,12.526,8.581,607.922,4.331,7.914,2.761,-0.214,12.526,-2.783,-0.2136,12.5264,-2.783,2.0061,0.0,1.0,1
0.8333,12.728,8.612,607.912,4.405,7.978,2.74,-0.204,12.728,-2.814,-0.204,12.7279,-2.8137,2.0449,0.0,1.0,1
0.85,12.926,8.641,607.902,4.479,8.04,2.718,-0.194,12.926,-2.843,-0.1938,12.9263,-2.8432,2.0834,0.0,1.0,1
0.8667,13.121,8.67,607.892,4.552,8.102,2.695,-0.183,13.121,-2.872,-0.1831,13.1214,-2.8716,2.1217,1.0022,1.0,1
0.8833,13.313,8.697,607.88,4.624,8.163,2.671,-0.172,13.313,-2.899,-0.1718,13.3134,-2.8989,2.1598,1.0104,1.0,1
0.9,13.502,8.723,607.868,4.695,8.223,2.646,-0.16,13.502,-2.925,-0.16,13.502,-2.925,2.1977,1.0182,1.0,1
0.9167,13.687,8.748,607.856,4.765,8.282,2.621,-0.148,13.687,-2.95,-0.1476,13.6873,-2.9499,2.2353,1.0257,1.0,1
0.9333,13.869,8.772,607.843,4.834,8.341,2.594,-0.135,13.869,-2.974,-0.1347,13.8692,-2.9737,2.2727,1.0328,1.0,1
0.95,14.048,8.794,607.83,4.903,8.398,2.567,-0.121,14.048,-2.996,-0.1212,14.0477,-2.9964,2.3099,1.0396,1.0,1
0.9667,14.223,8.816,607.816,4.97,8.454,2.539,-0.107,14.223,-3.018,-0.1072,14.2228,-3.0178,2.3468,1.0461,1.0,1
0.9833,14.394,8.836,607.801,5.037,8.51,2.51,-0.093,14.394,-3.038,-0.0926,14.3943,-3.0381,2.3834,1.0523,1.0,1
1.0,14.562,8.855,607.786,5.103,8.564,2.48,-0.077,14.562,-3.057,-0.0775,14.5623,-3.0572,2.4198,1.0582,1.0,1
1.0167,14.727,8.873,607.77,5.168,8.618,2.45,-0.062,14.727,-3.075,-0.0618,14.7267,-3.0751,2.4559,1.0638,1.0,1
1.0333,14.887,8.89,607.754,5.231,8.671,2.419,-0.046,14.887,-3.092,-0.0456,14.8875,-3.0919,2.4917,1.069,1.0,1
1.05,15.045,8.905,607.737,5.294,8.722,2.387,-0.029,15.045,-3.107,-0.0288,15.0445,-3.1075,2.5272,1.074,1.0,1
1.0667,15.198,8.92,607.72,5.356,8.773,2.354,-0.012,15.198,-3.122,-0.0115,15.1979,-3.1219,2.5624,1.0787,1.0,1
1.0833,15.348,8.933,607.702,5.417,8.823,2.321,0.006,15.348,-3.135,0.0063,15.3475,-3.1351,2.5973,1.0831,1.0,1
1.1,15.493,8.945,607.684,5.477,8.872,2.286,0.025,15.493,-3.147,0.0247,15.4934,-3.1471,2.6319,1.0872,1.0,1
1.1167,15.635,8.956,607.665,5.536,8.919,2.252,0.044,15.635,-3.158,0.0437,15.6354,-3.158,2.6662,1.0911,1.0,1
1.1333,15.774,8.966,607.645,5.593,8.966,2.216,0.063,15.774,-3.168,0.0631,15.7735,-3.1676,2.7002,1.0947,1.0,1
1.15,15.908,8.974,607.625,5.65,9.012,2.18,0.083,15.908,-3.176,0.0831,15.9078,-3.1761,2.7338,1.0981,1.0,1
1.1667,16.038,8.981,607.605,5.706,9.057,2.142,0.104,16.038,-3.183,0.1037,16.0381,-3.1834,2.7671,1.1012,1.0,1
1.1833,16.164,8.987,607.584,5.761,9.101,2.105,0.125,16.164,-3.189,0.1247,16.1645,-3.1894,2.8001,1.104,1.0,1
1.2,16.287,8.992,607.562,5.814,9.144,2.066,0.146,16.287,-3.194,0.1463,16.2869,-3.1943,2.8327,1.1066,1.0,1
1.2167,16.405,8.996,607.54,5.867,9.186,2.027,0.168,16.405,-3.198,0.1685,16.4053,-3.198,2.8649,1.109,1.0,1
1.2333,16.52,8.998,607.517,5.918,9.227,1.988,0.191,16.52,-3.201,0.1911,16.5196,-3.2005,2.8967,1.1112,1.0,1
1.25,16.63,9.0,607.494,5.968,9.266,1.947,0.214,16.63,-3.202,0.2143,16.6298,-3.2018,2.9282,1.1131,1.0,1
1.2667,16.736,9.0,607.47,6.018,9.305,1.906,0.238,16.736,-3.202,0.238,16.736,-3.2019,2.9593,1.1149,1.0,1
1.2833,16.838,8.999,607.446,6.066,9.343,1.865,0.262,16.838,-3.201,0.2623,16.838,-3.2009,2.99,1.1164,1.0,1
1.3,16.936,8.997,607.421,6.113,9.38,1.823,0.287,16.936,-3.199,0.2871,16.9359,-3.1986,3.0204,1.1177,1.0,1
1.3167,17.03,8.993,607.396,6.159,9.416,1.78,0.312,17.03,-3.195,0.3123,17.0295,-3.1951,3.0503,1.1189,1.0,1
1.3333,17.119,8.988,607.37,6.203,9.451,1.737,0.338,17.119,-3.19,0.3381,17.119,-3.1905,3.0798,1.1198,1.0,1
1.35,17.204,8.983,607.344,6.247,9.484,1.693,0.364,17.204,-3.185,0.3645,17.2043,-3.1846,3.1089,1.1206,1.0,1
1.3667,17.285,8.976,607.317,6.289,9.517,1.649,0.391,17.285,-3.178,0.3913,17.2853,-3.1776,3.1375,1.1211,1.0,1
1.3833,17.362,8.967,607.29,6.331,9.549,1.604,0.419,17.362,-3.169,0.4186,17.362,-3.1693,3.1657,1.1215,1.0,1
1.4,17.434,8.958,607.262,6.371,9.579,1.558,0.447,17.434,-3.16,0.4465,17.4345,-3.1599,3.1935,1.1218,1.0,1
1.4167,17.503,8.947,607.234,6.41,9.609,1.512,0.475,17.503,-3.149,0.4749,17.5027,-3.1493,3.2209,1.1218,1.0,1
1.4333,17.567,8.935,607.205,6.447,9.637,1.466,0.504,17.567,-3.137,0.5038,17.5665,-3.1375,3.2478,1.1218,1.0,1
1.45,17.626,8.922,607.175,6.484,9.665,1.419,0.533,17.626,-3.124,0.5331,17.626,-3.1245,3.2742,1.1215,1.0,1
1.4667,17.681,8.908,607.145,6.519,9.691,1.372,0.563,17.681,-3.11,0.563,17.6812,-3.1103,3.3001,1.1212,1.0,1
1.4833,17.732,8.893,607.115,6.553,9.716,1.324,0.593,17.732,-3.095,0.5934,17.732,-3.095,3.3256,1.1207,1.0,1
1.5,17.778,8.876,607.084,6.586,9.74,1.276,0.624,17.778,-3.078,0.6243,17.7784,-3.0784,3.3506,1.12,1.0,1
1.5167,17.82,8.859,607.053,6.618,9.764,1.228,0.656,17.82,-3.061,0.6557,17.8204,-3.0607,3.3751,1.1192,1.0,1
1.5333,17.858,8.84,607.021,6.648,9.786,1.179,0.688,17.858,-3.042,0.6876,17.8581,-3.0418,3.3991,1.1183,1.0,1
1.55,17.891,8.82,606.989,6.677,9.807,1.129,0.72,17.891,-3.022,0.72,17.8913,-3.0218,3.4227,1.1173,1.0,1
1.5667,17.92,8.798,606.956,6.705,9.827,1.08,0.753,17.92,-3.001,0.7528,17.9201,-3.0005,3.4457,1.1162,1.0,1
1.5833,17.945,8.776,606.922,6.732,9.846,1.03,0.786,17.945,-2.978,0.7862,17.9445,-2.9781,3.4682,1.1149,1.0,1
1.6,17.964,8.753,606.888,6.758,9.863,0.979,0.82,17.964,-2.955,0.82,17.9645,-2.9546,3.4901,1.1136,1.0,1
1.6167,17.98,8.728,606.854,6.782,9.88,0.929,0.854,17.98,-2.93,0.8543,17.98,-2.9299,3.5116,1.1121,1.0,1
1.6333,17.991,8.702,606.819,6.805,9.896,0.878,0.889,17.991,-2.904,0.8891,17.9911,-2.904,3.5325,1.1106,1.0,1
1.65,17.998,8.675,606.784,6.827,9.91,0.827,0.924,17.998,-2.877,0.9244,17.9978,-2.8769,3.5528,1.1089,1.0,1
1.6667,18.0,8.647,606.748,6.847,9.924,0.775,0.96,18.0,-2.849,0.9602,18.0,-2.8487,3.5727,1.1072,1.0,1
1.6833,17.998,8.617,606.712,6.866,9.936,0.723,0.996,17.998,-2.819,0.9964,17.9978,-2.8194,3.5919,1.1053,1.0,1
1.7,17.991,8.587,606.675,6.884,9.947,0.672,1.033,17.991,-2.789,1.0331,17.9911,-2.7889,3.6106,1.1034,1.0,1
1.7167,17.98,8.555,606.638,6.901,9.958,0.619,1.07,17.98,-2.757,1.0703,17.98,-2.7573,3.6287,1.1015,1.0,1
1.7333,17.964,8.523,606.601,6.916,9.967,0.567,1.108,17.964,-2.725,1.1079,17.9645,-2.7246,3.6463,1.0994,1.0,1
1.75,17.945,8.489,606.562,6.93,9.975,0.514,1.146,17.945,-2.691,1.146,17.9445,-2.6907,3.6633,1.0973,1.0,1
1.7667,17.92,8.454,606.524,6.943,9.982,0.462,1.185,17.92,-2.656,1.1846,17.9201,-2.6557,3.6797,1.0951,1.0,1
1.7833,17.891,8.417,606.485,6.954,9.987,0.409,1.224,17.891,-2.62,1.2236,17.8913,-2.6195,3.6955,1.0928,1.0,1
1.8,17.858,8.38,606.445,6.965,9.992,0.356,1.263,17.858,-2.582,1.2631,17.8581,-2.5823,3.7107,1.0905,1.0,1
1.8167,17.82,8.342,606.405,6.974,9.996,0.303,1.303,17.82,-2.544,1.303,17.8204,-2.5439,3.7253,1.0881,1.0,1
1.8333,17.778,8.302,606.365,6.981,9.998,0.25,1.343,17.778,-2.504,1.3434,17.7784,-2.5045,3.7393,1.0857,1.0,1
1.85,17.732,8.262,606.324,6.988,10.0,0.196,1.384,17.732,-2.464,1.3842,17.732,-2.4639,3.7526,1.0832,1.0,1
1.8667,17.681,8.22,606.283,6.993,10.0,0.143,1.425,17.681,-2.422,1.4255,17.6812,-2.4222,3.7654,1.0806,1.0,1
1.8833,17.626,8.177,606.241,6.996,9.999,0.09,1.467,17.626,-2.379,1.4672,17.626,-2.3795,3.7775,1.0781,1.0,1
1.9,17.567,8.134,606.199,6.999,9.997,0.036,1.509,17.567,-2.336,1.5093,17.5665,-2.3356,3.789,1.0754,1.0,1
1.9167,17.503,8.089,606.157,7.0,9.994,-0.017,1.552,17.503,-2.291,1.5519,17.5027,-2.2907,3.7999,1.0727,1.0,1
1.9333,17.434,8.043,606.114,7.0,9.99,-0.07,1.595,17.434,-2.245,1.5949,17.4345,-2.2447,3.8101,1.07,1.0,1
1.95,17.362,7.996,606.07,6.998,9.985,-0.124,1.638,17.362,-2.198,1.6383,17.362,-2.1976,3.8197,1.0672,1.0,1
1.9667,17.285,7.947,606.026,6.996,9.979,-0.177,1.682,17.285,-2.15,1.6822,17.2853,-2.1495,3.8286,1.0644,1.0,1
1.9833,17.204,7.898,605.982,6.992,9.972,-0.23,1.726,17.204,-2.1,1.7265,17.2043,-2.1003,3.8369,1.0615,1.0,1
2.0,17.119,7.848,605.937,6.986,9.963,-0.284,1.771,17.119,-2.05,1.7712,17.119,-2.0501,3.8445,1.0586,1.0,1
2.0167,17.03,7.797,605.892,6.98,9.954,-0.337,1.816,17.03,-1.999,1.8163,17.0295,-1.9989,3.8515,1.0557,1.0,1
2.0333,16.936,7.745,605.847,6.972,9.943,-0.39,1.862,16.936,-1.947,1.8619,16.9359,-1.9466,3.8577,1.0527,1.0,1
2.05,16.838,7.691,605.801,6.962,9.931,-0.443,1.908,16.838,-1.893,1.9078,16.838,-1.8932,3.8633,1.0497,1.0,1
2.0667,16.736,7.637,605.754,6.952,9.919,-0.495,1.954,16.736,-1.839,1.9542,16.736,-1.8389,3.8683,1.0466,1.0,1
2.0833,16.63,7.581,605.708,6.94,9.905,-0.548,2.001,16.63,-1.784,2.0009,16.6298,-1.7835,3.8725,1.0435,1.0,1
2.1,16.52,7.525,605.66,6.927,9.89,-0.6,2.048,16.52,-1.727,2.0481,16.5196,-1.7271,3.8761,1.0404,1.0,1
2.1167,16.405,7.468,605.613,6.913,9.874,-0.653,2.096,16.405,-1.67,2.0957,16.4053,-1.6698,3.8789,1.0372,1.0,1
2.1333,16.287,7.409,605.565,6.897,9.856,-0.705,2.144,16.287,-1.611,2.1436,16.2869,-1.6114,3.8811,1.034,1.0,1
2.15,16.164,7.35,605.516,6.88,9.838,-0.756,2.192,16.164,-1.552,2.192,16.1645,-1.5521,3.8826,1.0308,1.0,1
2.1667,16.038,7.29,605.468,6.862,9.819,-0.808,2.241,16.038,-1.492,2.2407,16.0381,-1.4918,3.8834,1.0275,1.0,1
2.1833,15.908,7.228,605.419,6.842,9.799,-0.859,2.29,15.908,-1.43,2.2898,15.9078,-1.4305,3.8835,1.0242,1.0,1
2.2,15.774,7.166,605.369,6.822,9.777,-0.91,2.339,15.774,-1.368,2.3393,15.7735,-1.3682,3.8828,1.0208,1.0,1
2.2167,15.635,7.103,605.319,6.8,9.755,-0.961,2.389,15.635,-1.305,2.3892,15.6354,-1.305,3.8815,1.0174,1.0,1
2.2333,15.493,7.039,605.269,6.776,9.731,-1.012,2.439,15.493,-1.241,2.4394,15.4934,-1.2409,3.8795,1.0139,1.0,1
2.25,15.348,6.974,605.218,6.752,9.706,-1.062,2.49,15.348,-1.176,2.49,15.3475,-1.1758,3.8767,1.0104,1.0,1
2.2667,15.198,6.908,605.167,6.726,9.681,-1.111,2.541,15.198,-1.11,2.541,15.1979,-1.1098,3.8733,1.0069,1.0,1
2.2833,15.045,6.841,605.116,6.699,9.654,-1.161,2.592,15.045,-1.043,2.5924,15.0445,-1.0429,3.8691,1.0032,1.0,1
2.3,14.887,6.773,605.064,6.671,9.626,-1.21,2.644,14.887,-0.975,2.6441,14.8875,-0.9751,3.8642,0.9996,1.0,1
2.3167,14.727,6.704,605.012,6.641,9.597,-1.259,2.696,14.727,-0.906,2.6961,14.7267,-0.9064,3.8586,0.9959,1.0,1
2.3333,14.562,6.635,604.96,6.611,9.567,-1.307,2.749,14.562,-0.837,2.7485,14.5623,-0.8368,3.8522,0.9921,1.0,1
2.35,14.394,6.564,604.907,6.579,9.536,-1.355,2.801,14.394,-0.766,2.8013,14.3943,-0.7663,3.8452,0.9882,1.0,1
2.3667,14.223,6.493,604.854,6.546,9.504,-1.402,2.854,14.223,-0.695,2.8544,14.2228,-0.6949,3.8374,0.9843,1.0,1
2.3833,14.048,6.421,604.801,6.511,9.471,-1.449,2.908,14.048,-0.623,2.9078,14.0477,-0.6227,3.8289,0.9804,1.0,1
2.4,13.869,6.348,604.747,6.476,9.437,-1.496,2.962,13.869,-0.55,2.9616,13.8692,-0.5496,3.8197,0.9763,1.0,1
2.4167,13.687,6.274,604.693,6.439,9.402,-1.542,3.016,13.687,-0.476,3.0157,13.6873,-0.4757,3.8097,0.9722,1.0,1
2.4333,13.502,6.199,604.638,6.401,9.366,-1.587,3.07,13.502,-0.401,3.0702,13.502,-0.401,3.7991,0.968,1.0,1
2.45,13.313,6.123,604.584,6.362,9.328,-1.632,3.125,13.313,-0.325,3.1249,13.3134,-0.3254,3.7877,0.9637,1.0,1
2.4667,13.121,6.047,604.528,6.321,9.29,-1.677,3.18,13.121,-0.249,3.18,13.1214,-0.249,3.7755,0.9594,1.0,1
2.4833,12.926,5.97,604.473,6.28,9.251,-1.721,3.235,12.926,-0.172,3.2354,12.9263,-0.1718,3.7627,0.9549,1.0,1
2.5,12.728,5.892,604.417,6.237,9.211,-1.764,3.291,12.728,-0.094,3.2912,12.7279,-0.0939,3.7491,0.9504,1.0,1
2.5167,12.526,5.813,604.361,6.193,9.169,-1.807,3.347,12.526,-0.015,3.3472,12.5264,-0.0151,3.7348,0.9458,1.0,1
2.5333,12.322,5.734,604.305,6.148,9.127,-1.85,3.404,12.322,0.064,3.4035,12.3218,0.0644,3.7198,0.941,1.0,1
2.55,12.114,5.653,604.248,6.102,9.084,-1.891,3.46,12.114,0.145,3.4602,12.1142,0.1447,3.7041,0.9362,1.0,1
2.5667,11.904,5.572,604.191,6.055,9.039,-1.933,3.517,11.904,0.226,3.5171,11.9036,0.2257,3.6876,0.9312,1.0,1
2.5833,11.69,5.49,604.134,6.006,8.994,-1.973,3.574,11.69,0.308,3.5743,11.6901,0.3075,3.6704,0.9261,1.0,1
2.6,11.474,5.408,604.077,5.957,8.948,-2.013,3.632,11.474,0.39,3.6319,11.4736,0.39,3.6525,0.9209,1.0,1
2.6167,11.254,5.325,604.019,5.906,8.901,-2.052,3.69,11.254,0.473,3.6897,11.2544,0.4733,3.6339,0.9156,1.0,1
2.6333,11.032,5.241,603.961,5.855,8.852,-2.091,3.748,11.032,0.557,3.7478,11.0323,0.5572,3.6146,0.9102,1.0,1
2.65,10.808,5.156,603.902,5.802,8.803,-2.129,3.806,10.808,0.642,3.8061,10.8076,0.6418,3.5946,0.9046,1.0,1
2.6667,10.58,5.071,603.844,5.748,8.753,-2.166,3.865,10.58,0.727,3.8648,10.5801,0.7271,3.5739,0.8989,1.0,1
2.6833,10.35,4.985,603.785,5.693,8.702,-2.203,3.924,10.35,0.813,3.9237,10.3501,0.8131,3.5525,0.893,1.0,1
2.7,10.118,4.898,603.726,5.637,8.65,-2.239,3.983,10.118,0.9,3.9829,10.1175,0.8998,3.5304,0.8869,1.0,1
2.7167,9.882,4.811,603.666,5.58,8.597,-2.274,4.042,9.882,0.987,4.0423,9.8824,0.9871,3.5075,0.8808,1.0,1
2.7333,9.645,4.723,603.606,5.522,8.543,-2.308,4.102,9.645,1.075,4.102,9.6449,1.075,3.484,0.8744,1.0,1
2.75,9.405,4.634,603.547,5.463,8.488,-2.342,4.162,9.405,1.164,4.162,9.405,1.1636,3.4598,0.8679,1.0,1
2.7667,9.163,4.545,603.486,5.403,8.432,-2.375,4.222,9.163,1.253,4.2222,9.1627,1.2527,3.435,0.8612,1.0,1
2.7833,8.918,4.455,603.426,5.342,8.375,-2.407,4.283,8.918,1.343,4.2826,8.9183,1.3425,3.4094,0.8543,1.0,1
2.8,8.672,4.365,603.365,5.28,8.318,-2.439,4.343,8.672,1.433,4.3433,8.6716,1.4329,3.3832,0.8472,1.0,1
2.8167,8.423,4.274,603.304,5.217,8.259,-2.47,4.404,8.423,1.524,4.4042,8.4227,1.5238,3.3563,0.84,1.0,1
2.8333,8.172,4.183,603.243,5.153,8.2,-2.499,4.465,8.172,1.615,4.4654,8.1718,1.6154,3.3288,0.8325,1.0,1
2.85,7.919,4.091,603.182,5.088,8.139,-2.529,4.527,7.919,1.707,4.5267,7.9189,1.7074,3.3005,0.8248,1.0,1
2.8667,7.664,3.998,603.12,5.022,8.078,-2.557,4.588,7.664,1.8,4.5883,7.664,1.8,3.2717,0.8169,1.0,1
2.8833,7.407,3.905,603.058,4.955,8.016,-2.584,4.65,7.407,1.893,4.6502,7.4073,1.8932,3.2422,0.8088,1.0,1
2.9,7.149,3.811,602.996,4.887,7.953,-2.611,4.712,7.149,1.987,4.7122,7.1487,1.9869,3.212,0.8005,1.0,1
2.9167,6.888,3.717,602.934,4.818,7.889,-2.637,4.774,6.888,2.081,4.7744,6.8883,2.081,3.1813,0.7919,1.0,1
2.9333,6.626,3.622,602.872,4.749,7.824,-2.662,4.837,6.626,2.176,4.8369,6.6262,2.1757,3.1499,0.7831,1.0,1
2.95,6.363,3.527,602.809,4.678,7.758,-2.686,4.9,6.363,2.271,4.8996,6.3625,2.2708,3.1178,0.7741,1.0,1
2.9667,6.097,3.432,602.746,4.607,7.692,-2.71,4.962,6.097,2.366,4.9624,6.0973,2.3664,3.0852,0.7648,1.0,1
2.9833,5.831,3.335,602.683,4.535,7.625,-2.732,5.025,5.831,2.463,5.0254,5.8305,2.4625,3.052,0.7552,1.0,1
3.0,5.562,3.239,602.62,4.462,7.556,-2.754,5.089,5.562,2.559,5.0887,5.5623,2.559,3.0181,0.7454,1.0,1
3.0167,5.293,3.142,602.556,4.388,7.487,-2.775,5.152,5.293,2.656,5.1521,5.2927,2.656,2.9837,0.7353,1.0,1
3.0333,5.022,3.045,602.493,4.313,7.418,-2.794,5.216,5.022,2.753,5.2157,5.0218,2.7533,2.9487,0.7249,1.0,1
3.05,4.75,2.947,602.429,4.238,7.347,-2.813,5.279,4.75,2.851,5.2795,4.7497,2.8511,2.9131,0.7142,1.0,1
3.0667,4.476,2.849,602.365,4.162,7.276,-2.831,5.343,4.476,2.949,5.3434,4.4764,2.9492,2.877,0.7032,1.0,1
3.0833,4.202,2.75,602.301,4.085,7.203,-2.849,5.408,4.202,3.048,5.4075,4.202,3.0478,2.8403,0.692,1.0,1
3.1,3.927,2.651,602.237,4.007,7.13,-2.865,5.472,3.927,3.147,5.4718,3.9266,3.1466,2.8031,0.6804,1.0,1
3.1167,3.65,2.552,602.172,3.929,7.056,-2.88,5.536,3.65,3.246,5.5362,3.6502,3.2459,2.7653,0.6685,1.0,1
3.1333,3.373,2.452,602.108,3.849,6.982,-2.895,5.601,3.373,3.345,5.6008,3.3729,3.3455,2.727,0.6563,1.0,1
3.15,3.095,2.353,602.043,3.769,6.907,-2.908,5.666,3.095,3.445,5.6655,3.0947,3.4454,2.6882,0.6438,1.0,1
3.1667,2.816,2.252,601.978,3.689,6.83,-2.921,5.73,2.816,3.546,5.7304,2.8158,3.5456,2.6488,0.6309,1.0,1
3.1833,2.536,2.152,601.913,3.607,6.754,-2.933,5.795,2.536,3.646,5.7954,2.5362,3.6461,2.609,0.6177,1.0,1
3.2,2.256,2.051,601.848,3.525,6.676,-2.944,5.861,2.256,3.747,5.8605,2.256,3.7469,2.5687,0.6042,1.0,1
3.2167,1.975,1.95,601.783,3.443,6.598,-2.953,5.926,1.975,3.848,5.9258,1.9752,3.848,2.5279,0.5903,1.0,1
3.2333,1.694,1.849,601.717,3.359,6.519,-2.962,5.991,1.694,3.949,5.9912,1.6939,3.9494,2.4866,0.576,1.0,1
3.25,1.412,1.747,601.652,3.276,6.439,-2.97,6.057,1.412,4.051,6.0567,1.4123,4.0509,2.4449,0.5614,1.0,1
3.2667,1.13,1.645,601.586,3.191,6.358,-2.977,6.122,1.13,4.153,6.1223,1.1302,4.1527,2.4028,0.5464,1.0,1
3.2833,0.848,1.543,601.52,3.106,6.277,-2.983,6.188,0.848,4.255,6.1881,0.8479,4.2548,2.3602,0.5311,1.0,1
3.3,0.565,1.441,601.455,3.02,6.195,-2.989,6.254,0.565,4.357,6.2539,0.5654,4.357,2.3172,0.5153,1.0,1
3.3167,0.283,1.339,601.389,2.934,6.113,-2.993,6.32,0.283,4.459,6.3199,0.2827,4.4594,2.2738,0.0,1.0,1
3.3333,0.0,1.236,601.323,2.847,6.03,-2.996,6.386,0.0,4.562,6.386,0.0,4.5621,2.2299,0.0,1.0,1
3.35,-0.283,1.133,601.256,2.76,5.946,-2.998,6.452,-0.283,4.665,6.4521,-0.2827,4.6648,2.1857,0.0,1.0,1
3.3667,-0.565,1.03,601.19,2.672,5.861,-3.0,6.518,-0.565,4.768,6.5183,-0.5654,4.7677,2.1412,0.0,1.0,1
3.3833,-0.848,0.927,601.124,2.584,5.776,-3.0,6.585,-0.848,4.871,6.5846,-0.8479,4.8708,2.0962,0.0,1.0,1
3.4,-1.13,0.824,601.057,2.495,5.69,-2.999,6.651,-1.13,4.974,6.651,-1.1302,4.974,2.0509,0.0,1.0,1
3.4167,-1.412,0.721,600.991,2.406,5.604,-2.998,6.718,-1.412,5.077,6.7175,-1.4123,5.0773,2.0053,0.0,1.0,1
3.4333,-1.694,0.617,600.924,2.316,5.517,-2.995,6.784,-1.694,5.181,6.784,-1.6939,5.1807,1.9594,0.0,1.0,1
3.45,-1.975,0.514,600.858,2.226,5.429,-2.992,6.851,-1.975,5.284,6.8506,-1.9752,5.2841,1.9131,0.0,1.0,1
3.4667,-2.256,0.41,600.791,2.135,5.341,-2.988,6.917,-2.256,5.388,6.9173,-2.256,5.3877,1.8666,0.0,1.0,1
3.4833,-2.536,0.307,600.724,2.044,5.252,-2.982,6.984,-2.536,5.491,6.984,-2.5362,5.4912,1.8197,0.0,1.0,1
3.5,-2.816,0.203,600.658,1.953,5.163,-2.976,7.051,-2.816,5.595,7.0508,-2.8158,5.5949,1.7726,0.0,1.0,1
3.5167,-3.095,0.099,600.591,1.861,5.073,-2.969,7.118,-3.095,5.699,7.1176,-3.0947,5.6985,1.7253,0.0,1.0,1
3.5333,-3.373,-0.004,600.524,1.769,4.982,-2.961,7.184,-3.373,5.802,7.1845,-3.3729,5.8022,1.6777,0.0,1.0,1
3.55,-3.65,-0.108,600.457,1.677,4.891,-2.952,7.251,-3.65,5.906,7.2514,-3.6502,5.9059,1.6298,0.0,1.0,1
3.5667,-3.927,-0.212,600.39,1.584,4.799,-2.942,7.318,-3.927,6.01,7.3183,-3.9266,6.0095,1.5818,0.0,1.0,1
3.5833,-4.202,-0.315,600.323,1.491,4.707,-2.931,7.385,-4.202,6.113,7.3853,-4.202,6.1132,1.5335,0.0,1.0,1
3.6,-4.476,-0.419,600.256,1.398,4.615,-2.919,7.452,-4.476,6.217,7.4522,-4.4764,6.2167,1.4851,0.0,1.0,1
3.6167,-4.75,-0.522,600.189,1.304,4.521,-2.906,7.519,-4.75,6.32,7.5192,-4.7497,6.3203,1.4365,0.0,1.0,1
3.6333,-5.022,-0.626,600.122,1.211,4.428,-2.892,7.586,-5.022,6.424,7.5862,-5.0218,6.4237,1.3877,0.0,1.0,1
3.65,-5.293,-0.729,600.055,1.117,4.334,-2.878,7.653,-5.293,6.527,7.6532,-5.2927,6.5271,1.3388,0.0,1.0,1
3.6667,-5.562,-0.832,599.988,1.023,4.239,-2.862,7.72,-5.562,6.63,7.7203,-5.5623,6.6304,1.2898,0.0,1.0,1
3.6833,-5.831,-0.936,599.921,0.928,4.144,-2.846,7.787,-5.831,6.734,7.7873,-5.8305,6.7336,1.2406,0.0,1.0,1
3.7,-6.097,-1.039,599.854,0.834,4.048,-2.829,7.854,-6.097,6.837,7.8543,-6.0973,6.8366,1.1914,0.0,1.0,1
3.7167,-6.363,-1.142,599.787,0.739,3.953,-2.81,7.921,-6.363,6.94,7.9213,-6.3625,6.9395,1.142,0.0,1.0,1
3.7333,-6.626,-1.244,599.72,0.644,3.856,-2.791,7.988,-6.626,7.042,7.9883,-6.6262,7.0423,1.0926,0.0,1.0,1
3.75,-6.888,-1.347,599.653,0.549,3.759,-2.771,8.055,-6.888,7.145,8.0553,-6.8883,7.1449,1.0432,0.0,1.0,1
3.7667,-7.149,-1.449,599.586,0.454,3.662,-2.75,8.122,-7.149,7.247,8.1222,-7.1487,7.2473,0.9937,0.0,1.0,1
3.7833,-7.407,-1.552,599.519,0.359,3.564,-2.728,8.189,-7.407,7.35,8.1891,-7.4073,7.3495,0.9441,0.0,1.0,1
3.8,-7.664,-1.654,599.452,0.264,3.466,-2.706,8.256,-7.664,7.452,8.256,-7.664,7.4515,0.8946,0.0,1.0,1
3.8167,-7.919,-1.755,599.386,0.169,3.368,-2.682,8.323,-7.919,7.553,8.3228,-7.9189,7.5533,0.8451,0.0,1.0,1
3.8333,-8.172,-1.857,599.319,0.073,3.269,-2.658,8.39,-8.172,7.655,8.3896,-8.1718,7.6549,0.7956,0.0,1.0,1
3.85,-8.423,-1.958,599.252,-0.022,3.17,-2.633,8.456,-8.423,7.756,8.4564,-8.4227,7.7562,0.7461,0.0,1.0,1
3.8667,-8.672,-2.059,599.185,-0.117,3.071,-2.607,8.523,-8.672,7.857,8.5231,-8.6716,7.8573,0.6967,0.0,1.0,1
3.8833,-8.918,-2.16,599.119,-0.213,2.971,-2.58,8.59,-8.918,7.958,8.5897,-8.9183,7.958,0.6474,0.0,1.0,1
3.9,-9.163,-2.261,599.052,-0.308,2.871,-2.552,8.656,-9.163,8.059,8.6563,-9.1627,8.0585,0.5981,0.0,1.0,1
3.9167,-9.405,-2.361,598.986,-0.403,2.77,-2.524,8.723,-9.405,8.159,8.7228,-9.405,8.1587,0.5489,0.0,1.0,1
3.9333,-9.645,-2.461,598.919,-0.498,2.669,-2.495,8.789,-9.645,8.259,8.7893,-9.6449,8.2586,0.0,0.0,1.0,1
3.95,-9.882,-2.56,598.853,-0.593,2.568,-2.464,8.856,-9.882,8.358,8.8556,-9.8824,8.3582,0.0,0.0,1.0,1
3.9667,-10.118,-2.659,598.787,-0.688,2.467,-2.434,8.922,-10.118,8.457,8.9219,-10.1175,8.4574,0.0,0.0,1.0,1
3.9833,-10.35,-2.758,598.72,-0.783,2.365,-2.402,8.988,-10.35,8.556,8.9881,-10.3501,8.5563,0.0,0.0,1.0,1
4.0,-10.58,-2.857,598.654,-0.877,2.263,-2.37,9.054,-10.58,8.655,9.0542,-10.5801,8.6548,0.0,0.0,1.0,1
4.0167,-10.808,-2.955,598.588,-0.972,2.161,-2.337,9.12,-10.808,8.753,9.1203,-10.8076,8.7529,0.0,0.0,1.0,1
4.0333,-11.032,-3.053,598.522,-1.066,2.059,-2.303,9.186,-11.032,8.851,9.1862,-11.0323,8.8506,0.0,0.0,1.0,1
4.05,-11.254,-3.15,598.456,-1.16,1.956,-2.268,9.252,-11.254,8.948,9.252,-11.2544,8.9479,0.0,0.0,1.0,1
4.0667,-11.474,-3.247,598.391,-1.254,1.854,-2.233,9.318,-11.474,9.045,9.3177,-11.4736,9.0448,0.0,0.0,1.0,1
4.0833,-11.69,-3.343,598.325,-1.348,1.751,-2.197,9.383,-11.69,9.141,9.3833,-11.6901,9.1413,0.0,0.0,1.0,1
4.1,-11.904,-3.439,598.26,-1.441,1.647,-2.16,9.449,-11.904,9.237,9.4488,-11.9036,9.2373,0.0,0.0,1.0,1
4.1167,-12.114,-3.535,598.194,-1.534,1.544,-2.123,9.514,-12.114,9.333,9.5141,-12.1142,9.3329,0.0,0.0,1.0,1
4.1333,-12.322,-3.63,598.129,-1.627,1.44,-2.085,9.579,-12.322,9.428,9.5794,-12.3218,9.428,0.0,0.0,1.0,1
4.15,-12.526,-3.725,598.064,-1.72,1.337,-2.046,9.644,-12.526,9.523,9.6445,-12.5264,9.5226,0.0,0.0,1.0,1
4.1667,-12.728,-3.819,597.999,-1.812,1.233,-2.006,9.709,-12.728,9.617,9.7094,-12.7279,9.6168,0.0,0.0,1.0,1
4.1833,-12.926,-3.912,597.934,-1.904,1.129,-1.966,9.774,-12.926,9.71,9.7742,-12.9263,9.7104,0.0,0.0,1.0,1
4.2,-13.121,-4.006,597.87,-1.995,1.025,-1.926,9.839,-13.121,9.803,9.8389,-13.1214,9.8035,0.0,-1.0064,1.0,1
4.2167,-13.313,-4.098,597.805,-2.086,0.921,-1.884,9.903,-13.313,9.896,9.9034,-13.3134,9.8961,0.0,-1.0476,1.0,1
4.2333,-13.502,-4.19,597.741,-2.177,0.816,-1.843,9.968,-13.502,9.988,9.9678,-13.502,9.9881,0.0,-1.0891,1.0,1
4.25,-13.687,-4.282,597.676,-2.267,0.712,-1.8,10.032,-13.687,10.08,10.032,-13.6873,10.0796,0.0,-1.1311,1.0,1
4.2667,-13.869,-4.372,597.612,-2.357,0.607,-1.757,10.096,-13.869,10.17,10.0961,-13.8692,10.1705,0.0,-1.1735,1.0,1
4.2833,-14.048,-4.463,597.549,-2.447,0.503,-1.714,10.16,-14.048,10.261,10.1599,-14.0477,10.2608,0.0,-1.2163,1.0,1
4.3,-14.223,-4.553,597.485,-2.536,0.398,-1.67,10.224,-14.223,10.351,10.2237,-14.2228,10.3505,0.0,-1.2595,1.0,1
4.3167,-14.394,-4.642,597.421,-2.625,0.293,-1.625,10.287,-14.394,10.44,10.2872,-14.3943,10.4396,0.0,-1.3031,1.0,1
4.3333,-14.562,-4.73,597.358,-2.713,0.189,-1.58,10.351,-14.562,10.528,10.3505,-14.5623,10.5281,0.0,-1.3472,1.0,1
4.35,-14.727,-4.818,597.295,-2.8,0.084,-1.534,10.414,-14.727,10.616,10.4137,-14.7267,10.616,0.0,-1.3915,1.0,1
4.3667,-14.887,-4.905,597.232,-2.887,-0.021,-1.488,10.477,-14.887,10.703,10.4767,-14.8875,10.7033,0.0,-1.4363,1.0,1
4.3833,-15.045,-4.992,597.169,-2.974,-0.125,-1.441,10.539,-15.045,10.79,10.5395,-15.0445,10.7899,0.0,-1.4815,1.0,1
4.4,-15.198,-5.078,597.106,-3.06,-0.23,-1.394,10.602,-15.198,10.876,10.602,-15.1979,10.8758,0.0,-1.5269,1.0,1
4.4167,-15.348,-5.163,597.044,-3.145,-0.335,-1.347,10.664,-15.348,10.961,10.6644,-15.3475,10.9611,0.0,-1.5728,1.0,1
4.4333,-15.493,-5.248,596.982,-3.23,-0.439,-1.299,10.727,-15.493,11.046,10.7266,-15.4934,11.0456,0.0,-1.619,1.0,1
4.45,-15.635,-5.332,596.92,-3.314,-0.544,-1.25,10.789,-15.635,11.13,10.7886,-15.6354,11.1295,0.0,-1.6655,1.0,1
4.4667,-15.774,-5.415,596.858,-3.398,-0.649,-1.202,10.85,-15.774,11.213,10.8503,-15.7735,11.2127,0.0,-1.7124,1.0,1
4.4833,-15.908,-5.497,596.797,-3.481,-0.753,-1.153,10.912,-15.908,11.295,10.9118,-15.9078,11.2951,0.0,-1.7584,1.0,1
4.5,-16.038,-5.579,596.735,-3.563,-0.857,-1.103,10.973,-16.038,11.377,10.9731,-16.0381,11.3768,0.0,-1.7158,1.0,1
4.5167,-16.164,-5.66,596.674,-3.645,-0.962,-1.053,11.034,-16.164,11.458,11.0342,-16.1645,11.4578,0.0,-1.6713,1.0,1
4.5333,-16.287,-5.74,596.613,-3.726,-1.066,-1.003,11.095,-16.287,11.538,11.095,-16.2869,11.538,0.0,-1.6249,1.0,1
4.55,-16.405,-5.82,596.553,-3.806,-1.17,-0.953,11.156,-16.405,11.618,11.1556,-16.4053,11.6175,0.0,-1.5767,1.0,1
4.5667,-16.52,-5.898,596.492,-3.886,-1.274,-0.902,11.216,-16.52,11.696,11.216,-16.5196,11.6962,0.0,-1.5268,1.0,1
4.5833,-16.63,-5.976,596.432,-3.965,-1.378,-0.851,11.276,-16.63,11.774,11.2761,-16.6298,11.7741,0.0,-1.4752,1.0,1
4.6,-16.736,-6.053,596.372,-4.043,-1.481,-0.799,11.336,-16.736,11.851,11.336,-16.736,11.8512,0.0,-1.422,1.0,1
4.6167,-16.838,-6.13,596.313,-4.12,-1.585,-0.748,11.396,-16.838,11.928,11.3956,-16.838,11.9276,0.0,-1.3674,1.0,1
4.6333,-16.936,-6.205,596.254,-4.197,-1.688,-0.696,11.455,-16.936,12.003,11.4549,-16.9359,12.0031,0.0,-1.3113,1.0,1
4.65,-17.03,-6.28,596.194,-4.273,-1.791,-0.644,11.514,-17.03,12.078,11.514,-17.0295,12.0777,0.0,-1.2538,1.0,1
4.6667,-17.119,-6.354,596.136,-4.348,-1.894,-0.592,11.573,-17.119,12.152,11.5728,-17.119,12.1516,0.0,-1.195,1.0,1
4.6833,-17.204,-6.427,596.077,-4.422,-1.997,-0.539,11.631,-17.204,12.225,11.6314,-17.2043,12.2246,0.0,-1.135,1.0,1
4.7,-17.285,-6.499,596.019,-4.496,-2.099,-0.487,11.69,-17.285,12.297,11.6896,-17.2853,12.2967,0.0,-1.0738,1.0,1
4.7167,-17.362,-6.57,595.961,-4.568,-2.202,-0.434,11.748,-17.362,12.368,11.7476,-17.362,12.368,0.0,-1.0115,1.0,1
4.7333,-17.434,-6.64,595.903,-4.64,-2.304,-0.381,11.805,-17.434,12.438,11.8053,-17.4345,12.4384,0.0,-0.9481,1.0,1
4.75,-17.503,-6.71,595.846,-4.711,-2.405,-0.328,11.863,-17.503,12.508,11.8628,-17.5027,12.508,0.0,-0.8837,1.0,1
4.7667,-17.567,-6.779,595.789,-4.781,-2.507,-0.275,11.92,-17.567,12.577,11.9199,-17.5665,12.5766,0.0,-0.8183,1.0,1
4.7833,-17.626,-6.846,595.732,-4.85,-2.608,-0.222,11.977,-17.626,12.644,11.9767,-17.626,12.6444,0.0,-0.7521,1.0,1
4.8,-17.681,-6.913,595.675,-4.919,-2.709,-0.168,12.033,-17.681,12.711,12.0333,-17.6812,12.7112,0.0,-0.6849,1.0,1
4.8167,-17.732,-6.979,595.619,-4.986,-2.81,-0.115,12.089,-17.732,12.777,12.0895,-17.732,12.7771,0.0,-0.617,1.0,1
4.8333,-17.778,-7.044,595.563,-5.052,-2.91,-0.061,12.145,-17.778,12.842,12.1454,-17.7784,12.8421,0.0,-0.5483,1.0,1
4.85,-17.82,-7.108,595.507,-5.118,-3.01,-0.008,12.201,-17.82,12.906,12.201,-17.8204,12.9062,0.0,0.0,1.0,1
4.8667,-17.858,-7.171,595.452,-5.182,-3.11,0.045,12.256,-17.858,12.969,12.2563,-17.8581,12.9693,0.0,0.0,1.0,1
4.8833,-17.891,-7.234,595.397,-5.246,-3.209,0.099,12.311,-17.891,13.031,12.3113,-17.8913,13.0315,0.0,0.0,1.0,1
4.9,-17.92,-7.295,595.343,-5.309,-3.308,0.152,12.366,-17.92,13.093,12.366,-17.9201,13.0927,0.0,0.0,1.0,1
4.9167,-17.945,-7.355,595.288,-5.37,-3.407,0.205,12.42,-17.945,13.153,12.4203,-17.9445,13.1529,0.0,0.0,1.0,1
4.9333,-17.964,-7.414,595.234,-5.431,-3.505,0.259,12.474,-17.964,13.212,12.4743,-17.9645,13.2122,0.0,0.0,1.0,1
4.95,-17.98,-7.472,595.181,-5.49,-3.603,0.312,12.528,-17.98,13.27,12.5279,-17.98,13.2704,0.0,0.0,1.0,1
4.9667,-17.991,-7.53,595.127,-5.549,-3.7,0.365,12.581,-17.991,13.328,12.5813,-17.9911,13.3277,0.0,0.0,1.0,1
4.9833,-17.998,-7.586,595.074,-5.607,-3.798,0.418,12.634,-17.998,13.384,12.6343,-17.9978,13.384,0.0,0.0,1.0,1
5.0,-18.0,-7.641,595.022,-5.663,-3.894,0.471,12.687,-18.0,13.439,12.6869,-18.0,13.4393,0.0,0.0,1.0,1
5.0167,-17.998,-7.696,594.969,-5.719,-3.99,0.523,12.739,-17.998,13.494,12.7392,-17.9978,13.4936,0.0,0.0,1.0,1
5.0333,-17.991,-7.749,594.917,-5.773,-4.086,0.576,12.791,-17.991,13.547,12.7911,-17.9911,13.5468,0.0,0.0,1.0,1
5.05,-17.98,-7.801,594.866,-5.826,-4.182,0.628,12.843,-17.98,13.599,12.8427,-17.98,13.599,0.0,0.0,1.0,1
5.0667,-17.964,-7.852,594.815,-5.879,-4.276,0.68,12.894,-17.964,13.65,12.8939,-17.9645,13.6502,0.0,0.0,1.0,1
5.0833,-17.945,-7.902,594.764,-5.93,-4.371,0.732,12.945,-17.945,13.7,12.9448,-17.9445,13.7003,0.0,0.0,1.0,1
5.1,-17.92,-7.951,594.713,-5.98,-4.465,0.784,12.995,-17.92,13.749,12.9952,-17.9201,13.7494,0.0,0.0,1.0,1
5.1167,-17.891,-8.0,594.663,-6.029,-4.558,0.835,13.045,-17.891,13.797,13.0454,-17.8913,13.7975,0.0,0.0,1.0,1
5.1333,-17.858,-8.046,594.613,-6.077,-4.651,0.886,13.095,-17.858,13.844,13.0951,-17.8581,13.8444,0.0,0.0,1.0,1
5.15,-17.82,-8.092,594.564,-6.124,-4.744,0.937,13.144,-17.82,13.89,13.1445,-17.8204,13.8903,0.0,0.0,1.0,1
5.1667,-17.778,-8.137,594.515,-6.169,-4.836,0.988,13.193,-17.778,13.935,13.1934,-17.7784,13.9352,0.0,0.0,1.0,1
5.1833,-17.732,-8.181,594.466,-6.214,-4.927,1.038,13.242,-17.732,13.979,13.242,-17.732,13.9789,0.0,0.0,1.0,1
5.2,-17.681,-8.224,594.418,-6.257,-5.018,1.088,13.29,-17.681,14.022,13.2902,-17.6812,14.0216,0.0,1.0736,1.0,1
5.2167,-17.626,-8.265,594.37,-6.299,-5.108,1.138,13.338,-17.626,14.063,13.3381,-17.626,14.0632,0.0,1.1493,1.0,1
5.2333,-17.567,-8.306,594.323,-6.34,-5.198,1.187,13.385,-17.567,14.104,13.3855,-17.5665,14.1037,0.0,1.2249,1.0,1
5.25,-17.503,-8.345,594.276,-6.38,-5.287,1.236,13.432,-17.503,14.143,13.4325,-17.5027,14.143,0.0,1.3005,1.0,1
5.2667,-17.434,-8.383,594.229,-6.418,-5.376,1.284,13.479,-17.434,14.181,13.4791,-17.4345,14.1813,0.0,1.3759,1.0,1
5.2833,-17.362,-8.42,594.183,-6.456,-5.464,1.332,13.525,-17.362,14.218,13.5253,-17.362,14.2185,0.0,1.4512,1.0,1
5.3,-17.285,-8.457,594.137,-6.492,-5.551,1.38,13.571,-17.285,14.254,13.5711,-17.2853,14.2545,0.0,1.5263,1.0,1
5.3167,-17.204,-8.491,594.092,-6.527,-5.638,1.427,13.617,-17.204,14.289,13.6165,-17.2043,14.2894,0.0,1.6013,1.0,1
5.3333,-17.119,-8.525,594.047,-6.561,-5.724,1.474,13.662,-17.119,14.323,13.6615,-17.119,14.3232,0.0,1.6761,1.0,1
5.35,-17.03,-8.558,594.002,-6.594,-5.81,1.52,13.706,-17.03,14.356,13.7061,-17.0295,14.3559,0.0,1.7506,1.0,1
5.3667,-16.936,-8.589,593.958,-6.625,-5.895,1.566,13.75,-16.936,14.387,13.7502,-16.9359,14.3874,0.0,1.8249,1.0,1
5.3833,-16.838,-8.62,593.915,-6.655,-5.979,1.611,13.794,-16.838,14.418,13.7939,-16.838,14.4178,0.0,1.899,1.0,1
5.4,-16.736,-8.649,593.871,-6.684,-6.062,1.656,13.837,-16.736,14.447,13.8372,-16.736,14.447,0.0,1.9727,1.0,1
5.4167,-16.63,-8.677,593.828,-6.712,-6.145,1.7,13.88,-16.63,14.475,13.8801,-16.6298,14.4751,0.0,2.0462,1.0,1
5.4333,-16.52,-8.704,593.786,-6.738,-6.228,1.744,13.923,-16.52,14.502,13.9225,-16.5196,14.5021,0.0,2.1193,1.0,1
5.45,-16.405,-8.73,593.744,-6.763,-6.309,1.787,13.965,-16.405,14.528,13.9645,-16.4053,14.5278,0.0,2.1922,1.0,1
5.4667,-16.287,-8.755,593.702,-6.787,-6.39,1.83,14.006,-16.287,14.552,14.0061,-16.2869,14.5525,0.0,2.2646,1.0,1
5.4833,-16.164,-8.778,593.661,-6.81,-6.47,1.872,14.047,-16.164,14.576,14.0472,-16.1645,14.5759,0.0,2.3367,1.0,1
5.5,-16.038,-8.8,593.621,-6.831,-6.55,1.913,14.088,-16.038,14.598,14.0878,-16.0381,14.5982,0.0,2.4084,1.0,1
5.5167,-15.908,-8.821,593.58,-6.852,-6.629,1.954,14.128,-15.908,14.619,14.128,-15.9078,14.6194,0.0,2.4797,1.0,1
5.5333,-15.774,-8.841,593.541,-6.87,-6.707,1.994,14.168,-15.774,14.639,14.1678,-15.7735,14.6393,0.0,2.5505,1.0,1
5.55,-15.635,-8.86,593.501,-6.888,-6.784,2.034,14.207,-15.635,14.658,14.2071,-15.6354,14.6581,0.0,2.6209,1.0,1
5.5667,-15.493,-8.878,593.462,-6.904,-6.861,2.073,14.246,-15.493,14.676,14.246,-15.4934,14.6757,0.0,2.6909,1.0,1
5.5833,-15.348,-8.894,593.424,-6.919,-6.936,2.111,14.284,-15.348,14.692,14.2844,-15.3475,14.6922,0.0,2.7604,1.0,1
5.6,-15.198,-8.909,593.386,-6.933,-7.011,2.149,14.322,-15.198,14.707,14.3223,-15.1979,14.7074,0.0,2.8294,1.0,1
5.6167,-15.045,-8.924,593.349,-6.946,-7.086,2.186,14.36,-15.045,14.722,14.3598,-15.0445,14.7215,0.0,2.8979,1.0,1
5.6333,-14.887,-8.936,593.312,-6.957,-7.159,2.222,14.397,-14.887,14.734,14.3968,-14.8875,14.7344,0.0,2.9658,1.0,1
5.65,-14.727,-8.948,593.275,-6.967,-7.232,2.257,14.433,-14.727,14.746,14.4333,-14.7267,14.7461,0.0,3.0333,1.0,1
5.6667,-14.562,-8.959,593.239,-6.975,-7.304,2.292,14.469,-14.562,14.757,14.4694,-14.5623,14.7566,0.0,3.1002,1.0,1
5.6833,-14.394,-8.968,593.203,-6.983,-7.375,2.326,14.505,-14.394,14.766,14.505,-14.3943,14.766,0.0,3.1665,1.0,1
5.7,-14.223,-8.976,593.168,-6.989,-7.445,2.36,14.54,-14.223,14.774,14.5401,-14.2228,14.7741,0.0,3.2322,1.0,1
5.7167,-14.048,-8.983,593.134,-6.994,-7.515,2.392,14.575,-14.048,14.781,14.5747,-14.0477,14.781,0.0,3.2974,1.0,1
5.7333,-13.869,-8.989,593.1,-6.997,-7.583,2.424,14.609,-13.869,14.787,14.6089,-13.8692,14.7868,0.0,3.3619,1.0,1
5.75,-13.687,-8.993,593.066,-6.999,-7.651,2.455,14.643,-13.687,14.791,14.6426,-13.6873,14.7914,0.0,3.4259,1.0,1
5.7667,-13.502,-8.997,593.033,-7.0,-7.718,2.486,14.676,-13.502,14.795,14.6757,-13.502,14.7947,0.0,3.4892,1.0,1
5.7833,-13.313,-8.999,593.0,-7.0,-7.784,2.515,14.708,-13.313,14.797,14.7084,-13.3134,14.7969,0.0,3.5518,1.0,1
5.8,-13.121,-9.0,592.968,-6.998,-7.85,2.544,14.741,-13.121,14.798,14.7406,-13.1214,14.7979,0.0,3.6138,1.0,1
5.8167,-12.926,-9.0,592.936,-6.995,-7.914,2.572,14.772,-12.926,14.798,14.7723,-12.9263,14.7977,0.0,3.6752,1.0,1
5.8333,-12.728,-8.998,592.905,-6.99,-7.978,2.599,14.804,-12.728,14.796,14.8036,-12.7279,14.7963,0.0,3.7358,1.0,1
5.85,-12.526,-8.996,592.874,-6.985,-8.04,2.625,14.834,-12.526,14.794,14.8343,-12.5264,14.7937,0.0,3.7958,1.0,1
5.8667,-12.322,-8.992,592.844,-6.978,-8.102,2.65,14.864,-12.322,14.79,14.8645,-12.3218,14.7899,0.0,3.855,1.0,1
5.8833,-12.114,-8.987,592.814,-6.97,-8.163,2.675,14.894,-12.114,14.785,14.8942,-12.1142,14.7849,0.0,3.9136,1.0,1
5.9,-11.904,-8.981,592.785,-6.96,-8.223,2.699,14.923,-11.904,14.779,14.9234,-11.9036,14.7787,0.0,3.9714,1.0,1
5.9167,-11.69,-8.973,592.756,-6.949,-8.282,2.722,14.952,-11.69,14.771,14.9521,-11.6901,14.7713,0.0,4.0285,1.0,1
5.9333,-11.474,-8.965,592.728,-6.937,-8.341,2.744,14.98,-11.474,14.763,14.9803,-11.4736,14.7628,0.0,4.0848,1.0,1
5.95,-11.254,-8.955,592.7,-6.924,-8.398,2.765,15.008,-11.254,14.753,15.008,-11.2544,14.753,0.0,4.1404,1.0,1
5.9667,-11.032,-8.944,592.673,-6.909,-8.454,2.785,15.035,-11.032,14.742,15.0351,-11.0323,14.7421,0.0,4.1952,1.0,1
5.9833,-10.808,-8.932,592.647,-6.893,-8.51,2.805,15.062,-10.808,14.73,15.0618,-10.8076,14.73,0.0,4.2493,1.0,1
6.0,-10.58,-8.919,592.621,-6.876,-8.564,2.823,15.088,-10.58,14.717,15.0879,-10.5801,14.7167,0.0,4.3025,1.0,1
6.0167,-10.35,-8.904,592.595,-6.858,-8.618,2.841,15.114,-10.35,14.702,15.1136,-10.3501,14.7022,0.0,4.355,1.0,1
6.0333,-10.118,-8.889,592.57,-6.838,-8.671,2.857,15.139,-10.118,14.686,15.1387,-10.1175,14.6865,0.0,4.4066,1.0,1
6.05,-9.882,-8.872,592.545,-6.817,-8.722,2.873,15.163,-9.882,14.67,15.1632,-9.8824,14.6696,0.0,4.4575,1.0,1
6.0667,-9.645,-8.854,592.521,-6.794,-8.773,2.888,15.187,-9.645,14.652,15.1873,-9.6449,14.6516,0.0,4.5075,1.0,1
6.0833,-9.405,-8.834,592.498,-6.771,-8.823,2.902,15.211,-9.405,14.632,15.2108,-9.405,14.6324,0.0,4.5567,1.0,1
6.1,-9.163,-8.814,592.475,-6.746,-8.872,2.915,15.234,-9.163,14.612,15.2338,-9.1627,14.612,0.0,4.605,1.0,1
6.1167,-8.918,-8.793,592.452,-6.72,-8.919,2.927,15.256,-8.918,14.59,15.2563,-8.9183,14.5905,0.0,4.6525,1.0,1
6.1333,-8.672,-8.77,592.43,-6.693,-8.966,2.939,15.278,-8.672,14.568,15.2783,-8.6716,14.5677,0.0,4.6991,1.0,1
6.15,-8.423,-8.746,592.409,-6.664,-9.012,2.949,15.3,-8.423,14.544,15.2997,-8.4227,14.5439,0.0,4.7449,1.0,1
6.1667,-8.172,-8.721,592.388,-6.634,-9.057,2.958,15.321,-8.172,14.519,15.3206,-8.1718,14.5188,0.0,4.7898,1.0,1
6.1833,-7.919,-8.695,592.368,-6.603,-9.101,2.967,15.341,-7.919,14.493,15.3409,-7.9189,14.4926,0.0,4.8338,1.0,1
6.2,-7.664,-8.667,592.348,-6.571,-9.144,2.974,15.361,-7.664,14.465,15.3607,-7.664,14.4653,0.0,4.8769,1.0,1
6.2167,-7.407,-8.639,592.328,-6.538,-9.186,2.981,15.38,-7.407,14.437,15.38,-7.4073,14.4368,0.0,4.9192,1.0,1
6.2333,-7.149,-8.609,592.31,-6.503,-9.227,2.986,15.399,-7.149,14.407,15.3987,-7.1487,14.4071,0.0,4.9605,1.0,1
6.25,-6.888,-8.578,592.292,-6.467,-9.266,2.991,15.417,-6.888,14.376,15.4169,-6.8883,14.3763,0.0,5.0009,1.0,1
6.2667,-6.626,-8.546,592.274,-6.43,-9.305,2.995,15.435,-6.626,14.344,15.4346,-6.6262,14.3444,0.0,5.0404,1.0,1
6.2833,-6.363,-8.513,592.257,-6.392,-9.343,2.997,15.452,-6.363,14.311,15.4517,-6.3625,14.3114,0.0,5.079,1.0,1
6.3,-6.097,-8.479,592.24,-6.352,-9.38,2.999,15.468,-6.097,14.277,15.4683,-6.0973,14.2772,0.0,5.1166,1.0,1
6.3167,-5.831,-8.444,592.224,-6.312,-9.416,3.0,15.484,-5.831,14.242,15.4843,-5.8305,14.2418,0.0,5.1533,1.0,1
6.3333,-5.562,-8.407,592.209,-6.27,-9.451,3.0,15.5,-5.562,14.205,15.4998,-5.5623,14.2054,0.0,5.1891,1.0,1
6.35,-5.293,-8.37,592.194,-6.227,-9.484,2.999,15.515,-5.293,14.168,15.5147,-5.2927,14.1679,0.0,5.2239,1.0,1
6.3667,-5.022,-8.331,592.179,-6.183,-9.517,2.997,15.529,-5.022,14.129,15.5291,-5.0218,14.1292,0.0,5.2578,1.0,1
6.3833,-4.75,-8.291,592.166,-6.138,-9.549,2.994,15.543,-4.75,14.089,15.5429,-4.7497,14.0894,0.0,5.2907,1.0,1
6.4,-4.476,-8.251,592.152,-6.091,-9.579,2.99,15.556,-4.476,14.049,15.5562,-4.4764,14.0486,0.0,5.3226,1.0,1
6.4167,-4.202,-8.209,592.139,-6.044,-9.609,2.985,15.569,-4.202,14.007,15.569,-4.202,14.0066,0.0,5.3536,1.0,1
6.4333,-3.927,-8.166,592.127,-5.995,-9.637,2.979,15.581,-3.927,13.964,15.5812,-3.9266,13.9635,0.0,5.3836,1.0,1
6.45,-3.65,-8.121,592.116,-5.945,-9.665,2.972,15.593,-3.65,13.919,15.5928,-3.6502,13.9194,0.0,5.4126,1.0,1
6.4667,-3.373,-8.076,592.105,-5.895,-9.691,2.965,15.604,-3.373,13.874,15.6039,-3.3729,13.8742,0.0,5.4406,1.0,1
6.4833,-3.095,-8.03,592.094,-5.843,-9.716,2.956,15.614,-3.095,13.828,15.6144,-3.0947,13.8279,0.0,5.4677,1.0,1
6.5,-2.816,-7.983,592.084,-5.79,-9.74,2.947,15.624,-2.816,13.781,15.6244,-2.8158,13.7805,0.0,5.4937,1.0,1
6.5167,-2.536,-7.934,592.075,-5.735,-9.764,2.936,15.634,-2.536,13.732,15.6338,-2.5362,13.7321,0.0,5.5187,1.0,1
6.5333,-2.256,-7.885,592.066,-5.68,-9.786,2.925,15.643,-2.256,13.683,15.6426,-2.256,13.6827,0.0,5.5428,1.0,1
6.55,-1.975,-7.834,592.058,-5.624,-9.807,2.912,15.651,-1.975,13.632,15.6509,-1.9752,13.6322,0.0,5.5658,1.0,1
6.5667,-1.694,-7.783,592.05,-5.567,-9.827,2.899,15.659,-1.694,13.581,15.6587,-1.6939,13.5806,0.0,5.5878,1.0,1
6.5833,-1.412,-7.73,592.043,-5.509,-9.846,2.885,15.666,-1.412,13.528,15.6659,-1.4123,13.528,0.0,5.6088,1.0,1
6.6,-1.13,-7.676,592.036,-5.449,-9.863,2.87,15.672,-1.13,13.474,15.6725,-1.1302,13.4744,0.0,5.6288,1.0,1
6.6167,-0.848,-7.622,592.03,-5.389,-9.88,2.854,15.679,-0.848,13.42,15.6786,-0.8479,13.4198,0.0,5.6478,1.0,1
6.6333,-0.565,-7.566,592.024,-5.328,-9.896,2.837,15.684,-0.565,13.364,15.6841,-0.5654,13.3642,0.0,5.6657,1.0,1
6.65,-0.283,-7.51,592.019,-5.265,-9.91,2.819,15.689,-0.283,13.308,15.689,-0.2827,13.3075,0.0,5.6826,1.0,1
6.6667,-0.0,-7.452,592.015,-5.202,-9.924,2.8,15.693,-0.0,13.25,15.6934,-0.0,13.2499,0.0,5.6985,1.0,1
6.6833,0.283,-7.393,592.011,-5.138,-9.936,2.781,15.697,0.283,13.191,15.6972,0.2827,13.1913,0.0,5.7133,1.0,1
6.7,0.565,-7.334,592.008,-5.073,-9.947,2.76,15.701,0.565,13.132,15.7005,0.5654,13.1316,0.0,5.7271,1.0,1
6.7167,0.848,-7.273,592.005,-5.006,-9.958,2.739,15.703,0.848,13.071,15.7032,0.8479,13.0711,0.0,5.7399,1.0,1
6.7333,1.13,-7.212,592.003,-4.939,-9.967,2.717,15.705,1.13,13.01,15.7054,1.1302,13.0095,0.0,5.7516,1.0,1
6.75,1.412,-7.149,592.002,-4.871,-9.975,2.693,15.707,1.412,12.947,15.7069,1.4123,12.947,0.0,5.7623,1.0,1
6.7667,1.694,-7.086,592.0,-4.803,-9.982,2.67,15.708,1.694,12.884,15.708,1.6939,12.8836,0.0,5.7719,1.0,1
6.7833,1.975,-7.021,592.0,-4.733,-9.987,2.645,15.708,1.975,12.819,15.7084,1.9752,12.8192,0.0,5.7805,1.0,1
6.8,2.256,-6.956,592.0,-4.662,-9.992,2.619,15.708,2.256,12.754,15.7083,2.256,12.7539,0.0,5.788,1.0,1
6.8167,2.536,-6.89,592.001,-4.591,-9.996,2.593,15.708,2.536,12.688,15.7077,2.5362,12.6876,0.0,5.7945,1.0,1
6.8333,2.816,-6.822,592.002,-4.518,-9.998,2.565,15.706,2.816,12.62,15.7065,2.8158,12.6204,0.0,5.8,1.0,1
6.85,3.095,-6.754,592.004,-4.445,-10.0,2.537,15.705,3.095,12.552,15.7047,3.0947,12.5524,0.0,5.8043,1.0,1
6.8667,3.373,-6.685,592.006,-4.371,-10.0,2.508,15.702,3.373,12.483,15.7023,3.3729,12.4834,0.0,5.8076,1.0,1
6.8833,3.65,-6.616,592.009,-4.296,-9.999,2.479,15.699,3.65,12.414,15.6994,3.6502,12.4136,0.0,5.8099,1.0,1
6.9,3.927,-6.545,592.013,-4.221,-9.997,2.448,15.696,3.927,12.343,15.696,3.9266,12.3428,0.0,5.8111,1.0,1
6.9167,4.202,-6.473,592.017,-4.144,-9.994,2.417,15.692,4.202,12.271,15.6919,4.202,12.2712,1.033,5.8113,1.0,1
6.9333,4.476,-6.401,592.021,-4.067,-9.99,2.385,15.687,4.476,12.199,15.6873,4.4764,12.1988,1.0775,5.8103,1.0,1
6.95,4.75,-6.328,592.026,-3.989,-9.985,2.352,15.682,4.75,12.125,15.6822,4.7497,12.1255,1.1226,5.8084,1.0,1
6.9667,5.022,-6.253,592.032,-3.91,-9.979,2.319,15.676,5.022,12.051,15.6765,5.0218,12.0513,1.1683,5.8053,1.0,1
6.9833,5.293,-6.178,592.038,-3.831,-9.972,2.284,15.67,5.293,11.976,15.6702,5.2927,11.9764,1.2146,5.8012,1.0,1
7.0,5.562,-6.103,592.045,-3.751,-9.963,2.249,15.663,5.562,11.901,15.6634,5.5623,11.9006,1.2615,5.7961,1.0,1
7.0167,5.831,-6.026,592.052,-3.67,-9.954,2.214,15.656,5.831,11.824,15.656,5.8305,11.824,1.3089,5.7899,1.0,1
7.0333,6.097,-5.949,592.06,-3.588,-9.943,2.177,15.648,6.097,11.747,15.6481,6.0973,11.7466,1.3569,5.7826,1.0,1
7.05,6.363,-5.87,592.069,-3.506,-9.931,2.14,15.64,6.363,11.668,15.6396,6.3625,11.6684,1.4055,5.7742,1.0,1
7.0667,6.626,-5.791,592.078,-3.424,-9.919,2.103,15.631,6.626,11.589,15.6305,6.6262,11.5894,1.4546,5.7648,1.0,1
7.0833,6.888,-5.712,592.088,-3.34,-9.905,2.064,15.621,6.888,11.51,15.6209,6.8883,11.5097,1.5042,5.7544,1.0,1
7.1,7.149,-5.631,592.098,-3.256,-9.89,2.025,15.611,7.149,11.429,15.6107,7.1487,11.4292,1.5544,5.7429,1.0,1
7.1167,7.407,-5.55,592.108,-3.171,-9.874,1.985,15.6,7.407,11.348,15.6,7.4073,11.3479,1.605,5.7303,1.0,1
7.1333,7.664,-5.468,592.12,-3.086,-9.856,1.945,15.589,7.664,11.266,15.5888,7.664,11.266,1.6562,5.7167,1.0,1
7.15,7.919,-5.385,592.132,-3.0,-9.838,1.904,15.577,7.919,11.183,15.5769,7.9189,11.1833,1.7079,5.702,1.0,1
7.1667,8.172,-5.302,592.144,-2.914,-9.819,1.862,15.565,8.172,11.1,15.5645,8.1718,11.0998,1.7601,5.6863,1.0,1
7.1833,8.423,-5.218,592.157,-2.827,-9.799,1.82,15.552,8.423,11.016,15.5516,8.4227,11.0157,1.8127,5.6695,1.0,1
7.2,8.672,-5.133,592.17,-2.74,-9.777,1.778,15.538,8.672,10.931,15.5381,8.6716,10.9309,1.8658,5.6517,1.0,1
7.2167,8.918,-5.047,592.184,-2.652,-9.755,1.734,15.524,8.918,10.845,15.5241,8.9183,10.8454,1.9194,5.6328,1.0,1
7.2333,9.163,-4.961,592.199,-2.563,-9.731,1.69,15.51,9.163,10.759,15.5095,9.1627,10.7592,1.9734,5.6128,1.0,1
7.25,9.405,-4.874,592.214,-2.474,-9.706,1.646,15.494,9.405,10.672,15.4944,9.405,10.6724,2.0279,5.5919,1.0,1
7.2667,9.645,-4.787,592.23,-2.385,-9.681,1.601,15.479,9.645,10.585,15.4787,9.6449,10.5849,2.0828,5.5698,1.0,1
7.2833,9.882,-4.699,592.246,-2.295,-9.654,1.556,15.463,9.882,10.497,15.4625,9.8824,10.4968,2.1381,5.5468,1.0,1
7.3,10.118,-4.61,592.263,-2.205,-9.626,1.51,15.446,10.118,10.408,15.4457,10.1175,10.4081,2.1938,5.5227,1.0,1
7.3167,10.35,-4.521,592.28,-2.114,-9.597,1.463,15.428,10.35,10.319,15.4284,10.3501,10.3188,2.2499,5.4976,1.0,1
7.3333,10.58,-4.431,592.298,-2.023,-9.567,1.416,15.411,10.58,10.229,15.4106,10.5801,10.2288,2.3064,5.4714,1.0,1
7.35,10.808,-4.34,592.316,-1.932,-9.536,1.369,15.392,10.808,10.138,15.3922,10.8076,10.1383,2.3632,5.4442,1.0,1
7.3667,11.032,-4.249,592.335,-1.84,-9.504,1.321,15.373,11.032,10.047,15.3733,11.0323,10.0472,2.4204,5.416,1.0,1
7.3833,11.254,-4.158,592.355,-1.748,-9.471,1.273,15.354,11.254,9.956,15.3538,11.2544,9.9555,2.478,5.3867,1.0,1
7.4,11.474,-4.065,592.375,-1.655,-9.437,1.225,15.334,11.474,9.863,15.3338,11.4736,9.8633,2.5358,5.3565,1.0,1
7.4167,11.69,-3.973,592.395,-1.563,-9.402,1.176,15.313,11.69,9.771,15.3133,11.6901,9.7705,2.5941,5.3252,1.0,1
7.4333,11.904,-3.879,592.416,-1.47,-9.366,1.126,15.292,11.904,9.677,15.2922,11.9036,9.6772,2.6526,5.2929,1.0,1
7.45,12.114,-3.785,592.438,-1.376,-9.328,1.077,15.271,12.114,9.583,15.2706,12.1142,9.5834,2.7114,5.2596,1.0,1
7.4667,12.322,-3.691,592.46,-1.283,-9.29,1.027,15.248,12.322,9.489,15.2485,12.3218,9.4891,2.7705,5.2253,1.0,1
7.4833,12.526,-3.596,592.483,-1.189,-9.251,0.976,15.226,12.526,9.394,15.2258,12.5264,9.3943,2.8298,5.19,1.0,1
7.5,12.728,-3.501,592.506,-1.095,-9.211,0.926,15.203,12.728,9.299,15.2026,12.7279,9.2991,2.8895,5.1537,1.0,1
7.5167,12.926,-3.405,592.53,-1.001,-9.169,0.875,15.179,12.926,9.203,15.1789,12.9263,9.2033,2.9493,5.1164,1.0,1
7.5333,13.121,-3.309,592.554,-0.906,-9.127,0.824,15.155,13.121,9.107,15.1546,13.1214,9.1071,3.0095,5.0781,1.0,1
7.55,13.313,-3.213,592.579,-0.812,-9.084,0.772,15.13,13.313,9.011,15.1299,13.3134,9.0105,3.0698,5.0388,1.0,1
7.5667,13.502,-3.115,592.604,-0.717,-9.039,0.72,15.105,13.502,8.913,15.1046,13.502,8.9134,3.1303,4.9985,1.0,1
7.5833,13.687,-3.018,592.63,-0.622,-8.994,0.668,15.079,13.687,8.816,15.0788,13.6873,8.816,3.1911,4.9573,1.0,1
7.6,13.869,-2.92,592.656,-0.527,-8.948,0.616,15.052,13.869,8.718,15.0525,13.8692,8.7181,3.252,4.9151,1.0,1
7.6167,14.048,-2.822,592.683,-0.432,-8.901,0.564,15.026,14.048,8.62,15.0256,14.0477,8.6199,3.3131,4.8719,1.0,1
7.6333,14.223,-2.723,592.71,-0.337,-8.852,0.511,14.998,14.223,8.521,14.9983,14.2228,8.5212,3.3743,4.8278,1.0,1
7.65,14.394,-2.624,592.738,-0.242,-8.803,0.459,14.97,14.394,8.422,14.9704,14.3943,8.4222,3.4357,4.7827,1.0,1
7.6667,14.562,-2.525,592.766,-0.147,-8.753,0.406,14.942,14.562,8.323,14.942,14.5623,8.3229,3.4972,4.7366,1.0,1
7.6833,14.727,-2.425,592.795,-0.051,-8.702,0.353,14.913,14.727,8.223,14.9132,14.7267,8.2232,3.5588,4.6896,1.0,1
7.7,14.887,-2.325,592.825,0.044,-8.65,0.3,14.884,14.887,8.123,14.8838,14.8875,8.1232,3.6205,4.6417,1.0,1
7.7167,15.045,-2.225,592.855,0.139,-8.597,0.247,14.854,15.045,8.023,14.8539,15.0445,8.0229,3.6824,4.5929,1.0,1
7.7333,15.198,-2.124,592.885,0.235,-8.543,0.193,14.824,15.198,7.922,14.8235,15.1979,7.9223,3.7442,4.5431,1.0,1
7.75,15.348,-2.023,592.916,0.33,-8.488,0.14,14.793,15.348,7.821,14.7926,15.3475,7.8214,3.8062,4.4924,1.0,1
7.7667,15.493,-1.922,592.947,0.425,-8.432,0.087,14.761,15.493,7.72,14.7612,15.4934,7.7203,3.8682,4.4407,1.0,1
7.7833,15.635,-1.821,592.979,0.52,-8.375,0.033,14.729,15.635,7.619,14.7294,15.6354,7.6189,3.9303,4.3882,1.0,1
7.8,15.774,-1.719,593.011,0.615,-8.318,-0.02,14.697,15.774,7.517,14.697,15.7735,7.5172,3.9923,4.3348,1.0,1
7.8167,15.908,-1.617,593.044,0.71,-8.259,-0.074,14.664,15.908,7.415,14.6641,15.9078,7.4154,4.0544,4.2804,1.0,1
7.8333,16.038,-1.515,593.078,0.805,-8.2,-0.127,14.631,16.038,7.313,14.6308,16.0381,7.3133,4.1165,4.2252,1.0,1
7.85,16.164,-1.413,593.112,0.899,-8.139,-0.18,14.597,16.164,7.211,14.5969,16.1645,7.211,4.1785,4.1691,1.0,1
7.8667,16.287,-1.311,593.146,0.994,-8.078,-0.234,14.563,16.287,7.109,14.5626,16.2869,7.1085,4.2406,4.1121,1.0,1
7.8833,16.405,-1.208,593.181,1.088,-8.016,-0.287,14.528,16.405,7.006,14.5278,16.4053,7.0059,4.3025,4.0542,1.0,1
7.9,16.52,-1.105,593.216,1.182,-7.953,-0.34,14.493,16.52,6.903,14.4925,16.5196,6.903,4.3645,3.9955,1.0,1
7.9167,16.63,-1.002,593.252,1.276,-7.889,-0.393,14.457,16.63,6.8,14.4568,16.6298,6.8001,4.4263,3.9359,1.0,1
7.9333,16.736,-0.899,593.288,1.369,-7.824,-0.446,14.421,16.736,6.697,14.4205,16.736,6.697,4.4881,3.8755,1.0,1
7.95,16.838,-0.796,593.325,1.463,-7.758,-0.499,14.384,16.838,6.594,14.3838,16.838,6.5938,4.5498,3.8143,1.0,1
7.9667,16.936,-0.693,593.362,1.556,-7.692,-0.551,14.347,16.936,6.49,14.3467,16.9359,6.4905,4.6114,3.7522,1.0,1
7.9833,17.03,-0.589,593.399,1.648,-7.625,-0.604,14.309,17.03,6.387,14.309,17.0295,6.3871,4.6728,3.6892,1.0,1
8.0,17.119,-0.486,593.438,1.741,-7.556,-0.656,14.271,17.119,6.284,14.2709,17.119,6.2836,4.7342,3.6255,1.0,1
8.0167,17.204,-0.382,593.476,1.833,-7.487,-0.708,14.232,17.204,6.18,14.2324,17.2043,6.18,4.7953,3.561,1.0,1
8.0333,17.285,-0.278,593.515,1.925,-7.418,-0.76,14.193,17.285,6.076,14.1933,17.2853,6.0764,4.8564,3.4956,1.0,1
8.05,17.362,-0.175,593.555,2.016,-7.347,-0.811,14.154,17.362,5.973,14.1539,17.362,5.9728,4.9172,3.4295,1.0,1
8.0667,17.434,-0.071,593.595,2.107,-7.276,-0.862,14.114,17.434,5.869,14.1139,17.4345,5.8691,4.9779,3.3626,1.0,1
8.0833,17.503,0.033,593.635,2.198,-7.203,-0.913,14.074,17.503,5.765,14.0736,17.5027,5.7654,5.0384,3.2949,1.0,1
8.1,17.567,0.136,593.676,2.288,-7.13,-0.964,14.033,17.567,5.662,14.0327,17.5665,5.6618,5.0987,3.2264,1.0,1
8.1167,17.626,0.24,593.717,2.378,-7.056,-1.015,13.991,17.626,5.558,13.9915,17.626,5.5581,5.1588,3.1572,1.0,1
8.1333,17.681,0.343,593.759,2.467,-6.982,-1.065,13.95,17.681,5.455,13.9498,17.6812,5.4545,5.2186,3.0872,1.0,1
8.15,17.732,0.447,593.801,2.556,-6.907,-1.114,13.908,17.732,5.351,13.9076,17.732,5.3509,5.2782,3.0165,1.0,1
8.1667,17.778,0.551,593.843,2.645,-6.83,-1.164,13.865,17.778,5.247,13.865,17.7784,5.2474,5.3376,2.9451,1.0,1
8.1833,17.82,0.654,593.886,2.733,-6.754,-1.213,13.822,17.82,5.144,13.822,17.8204,5.144,5.3967,2.8729,1.0,1
8.2,17.858,0.757,593.93,2.82,-6.676,-1.261,13.779,17.858,5.041,13.7786,17.8581,5.0406,5.4555,2.8,1.0,1
8.2167,17.891,0.861,593.974,2.907,-6.598,-1.31,13.735,17.891,4.937,13.7347,17.8913,4.9374,5.514,2.7264,1.0,1
8.2333,17.92,0.964,594.018,2.994,-6.519,-1.358,13.69,17.92,4.834,13.6904,17.9201,4.8342,5.5723,2.6522,1.0,1
8.25,17.945,1.067,594.063,3.08,-6.439,-1.405,13.646,17.945,4.731,13.6457,17.9445,4.7312,5.6302,2.5772,1.0,1
8.2667,17.964,1.17,594.108,3.165,-6.358,-1.452,13.601,17.964,4.628,13.6006,17.9645,4.6284,5.6879,2.5016,1.0,1
8.2833,17.98,1.272,594.153,3.25,-6.277,-1.498,13.555,17.98,4.526,13.5551,17.98,4.5256,5.7452,2.4253,1.0,1
8.3,17.991,1.375,594.199,3.334,-6.195,-1.544,13.509,17.991,4.423,13.5091,17.9911,4.4231,5.8022,2.3484,1.0,1
8.3167,17.998,1.477,594.246,3.417,-6.113,-1.59,13.463,17.998,4.321,13.4627,17.9978,4.3207,5.8588,2.2708,1.0,1
8.3333,18.0,1.579,594.292,3.5,-6.03,-1.635,13.416,18.0,4.219,13.416,18.0,4.2186,5.9151,2.1926,1.0,1
8.35,17.998,1.681,594.34,3.582,-5.946,-1.68,13.369,17.998,4.117,13.3688,17.9978,4.1166,5.9711,2.1137,1.0,1
8.3667,17.991,1.783,594.387,3.664,-5.861,-1.724,13.321,17.991,4.015,13.3213,17.9911,4.0149,6.0267,2.0343,1.0,1
8.3833,17.98,1.885,594.435,3.745,-5.776,-1.767,13.273,17.98,3.913,13.2733,17.98,3.9134,6.0819,1.9543,1.0,1
8.4,17.964,1.986,594.484,3.825,-5.69,-1.81,13.225,17.964,3.812,13.225,17.9645,3.8121,6.1367,1.8736,1.0,1
8.4167,17.945,2.087,594.532,3.904,-5.604,-1.852,13.176,17.945,3.711,13.1762,17.9445,3.7112,6.1912,1.7924,1.0,1
8.4333,17.92,2.188,594.581,3.983,-5.517,-1.894,13.127,17.92,3.61,13.1271,17.9201,3.6104,6.2452,1.7107,1.0,1
8.45,17.891,2.288,594.631,4.061,-5.429,-1.935,13.078,17.891,3.51,13.0776,17.8913,3.51,6.2988,1.6283,1.0,1
8.4667,17.858,2.388,594.681,4.138,-5.341,-1.975,13.028,17.858,3.41,13.0278,17.8581,3.4099,6.3521,1.5455,1.0,1
8.4833,17.82,2.488,594.731,4.215,-5.252,-2.015,12.978,17.82,3.31,12.9775,17.8204,3.3101,6.4049,1.4621,1.0,1
8.5,17.778,2.587,594.782,4.29,-5.163,-2.055,12.927,17.778,3.211,12.9269,17.7784,3.2107,6.4573,1.3782,1.0,1
8.5167,17.732,2.686,594.833,4.365,-5.073,-2.093,12.876,17.732,3.112,12.8759,17.732,3.1115,6.5093,1.2938,1.0,1
8.5333,17.681,2.785,594.884,4.439,-4.982,-2.131,12.825,17.681,3.013,12.8246,17.6812,3.0128,6.5608,1.2089,1.0,1
8.55,17.626,2.884,594.936,4.513,-4.891,-2.168,12.773,17.626,2.914,12.7729,17.626,2.9144,6.612,1.1235,1.0,1
8.5667,17.567,2.982,594.988,4.585,-4.799,-2.205,12.721,17.567,2.816,12.7208,17.5665,2.8164,6.6626,1.0377,1.0,1
8.5833,17.503,3.079,595.04,4.657,-4.707,-2.241,12.668,17.503,2.719,12.6684,17.5027,2.7187,6.7129,0.9514,1.0,1
8.6,17.434,3.176,595.093,4.727,-4.615,-2.276,12.616,17.434,2.622,12.6156,17.4345,2.6215,6.7627,0.8647,1.0,1
8.6167,17.362,3.273,595.146,4.797,-4.521,-2.31,12.563,17.362,2.525,12.5625,17.362,2.5247,6.812,0.7775,1.0,1
8.6333,17.285,3.37,595.199,4.866,-4.428,-2.344,12.509,17.285,2.428,12.5091,17.2853,2.4284,6.8609,0.69,1.0,1
8.65,17.204,3.465,595.253,4.934,-4.334,-2.377,12.455,17.204,2.332,12.4553,17.2043,2.3325,6.9094,0.602,1.0,1
8.6667,17.119,3.561,595.307,5.001,-4.239,-2.409,12.401,17.119,2.237,12.4012,17.119,2.237,6.9574,0.5137,1.0,1
8.6833,17.03,3.656,595.362,5.068,-4.144,-2.441,12.347,17.03,2.142,12.3468,17.0295,2.1421,7.0049,0.0,1.0,1
8.7,16.936,3.75,595.416,5.133,-4.048,-2.471,12.292,16.936,2.048,12.292,16.9359,2.0476,7.052,0.0,1.0,1
8.7167,16.838,3.844,595.472,5.197,-3.953,-2.501,12.237,16.838,1.954,12.2369,16.838,1.9536,7.0987,0.0,1.0,1
8.7333,16.736,3.938,595.527,5.26,-3.856,-2.53,12.181,16.736,1.86,12.1815,16.736,1.8601,7.1448,0.0,1.0,1
8.75,16.63,4.031,595.583,5.323,-3.759,-2.559,12.126,16.63,1.767,12.1258,16.6298,1.7671,7.1906,0.0,1.0,1
8.7667,16.52,4.123,595.639,5.384,-3.662,-2.586,12.07,16.52,1.675,12.0697,16.5196,1.6747,7.2359,0.0,1.0,1
8.7833,16.405,4.215,595.695,5.445,-3.564,-2.613,12.013,16.405,1.583,12.0134,16.4053,1.5828,7.2807,0.0,1.0,1
8.8,16.287,4.306,595.752,5.504,-3.466,-2.639,11.957,16.287,1.492,11.9568,16.2869,1.4915,7.3251,0.0,1.0,1
8.8167,16.164,4.397,595.809,5.562,-3.368,-2.664,11.9,16.164,1.401,11.8998,16.1645,1.4008,7.3691,0.0,1.0,1
8.8333,16.038,4.487,595.866,5.62,-3.269,-2.688,11.843,16.038,1.311,11.8426,16.0381,1.3106,7.4127,0.0,1.0,1
8.85,15.908,4.577,595.923,5.676,-3.17,-2.711,11.785,15.908,1.221,11.7851,15.9078,1.221,7.4558,0.0,1.0,1
8.8667,15.774,4.666,595.981,5.731,-3.071,-2.733,11.727,15.774,1.132,11.7273,15.7735,1.1321,7.4985,0.0,1.0,1
8.8833,15.635,4.754,596.039,5.785,-2.971,-2.755,11.669,15.635,1.044,11.6692,15.6354,1.0437,7.5408,0.0,1.0,1
8.9,15.493,4.842,596.098,5.839,-2.871,-2.776,11.611,15.493,0.956,11.6108,15.4934,0.956,7.5827,0.0,1.0,1
8.9167,15.348,4.929,596.156,5.891,-2.77,-2.796,11.552,15.348,0.869,11.5522,15.3475,0.869,7.6242,0.0,1.0,1
8.9333,15.198,5.015,596.215,5.942,-2.669,-2.814,11.493,15.198,0.783,11.4932,15.1979,0.7826,7.6653,0.0,1.0,1
8.95,15.045,5.101,596.274,5.991,-2.568,-2.833,11.434,15.045,0.697,11.4341,15.0445,0.6968,7.706,-1.0309,1.0,1
8.9667,14.887,5.186,596.334,6.04,-2.467,-2.85,11.375,14.887,0.612,11.3746,14.8875,0.6117,7.7464,-1.1232,1.0,1
8.9833,14.727,5.271,596.394,6.088,-2.365,-2.866,11.315,14.727,0.527,11.3149,14.7267,0.5273,7.7865,-1.2156,1.0,1
9.0,14.562,5.354,596.453,6.134,-2.263,-2.881,11.255,14.562,0.444,11.255,14.5623,0.4437,7.8262,-1.308,1.0,1
9.0167,14.394,5.437,596.514,6.179,-2.161,-2.896,11.195,14.394,0.361,11.1948,14.3943,0.3607,7.8656,-1.4004,1.0,1
9.0333,14.223,5.52,596.574,6.224,-2.059,-2.909,11.134,14.223,0.278,11.1343,14.2228,0.2784,7.9048,-1.4928,1.0,1
9.05,14.048,5.601,596.635,6.267,-1.956,-2.922,11.074,14.048,0.197,11.0736,14.0477,0.1969,7.9436,-1.585,1.0,1
9.0667,13.869,5.682,596.696,6.309,-1.854,-2.933,11.013,13.869,0.116,11.0127,13.8692,0.1161,7.9822,-1.6772,1.0,1
9.0833,13.687,5.762,596.757,6.349,-1.751,-2.944,10.952,13.687,0.036,10.9516,13.6873,0.0361,8.0206,-1.7693,1.0,1
9.1,13.502,5.841,596.818,6.389,-1.647,-2.954,10.89,13.502,-0.043,10.8902,13.502,-0.0431,8.0587,-1.8613,1.0,1
9.1167,13.313,5.92,596.88,6.427,-1.544,-2.963,10.829,13.313,-0.122,10.8286,13.3134,-0.1216,8.0967,-1.953,1.0,1
9.1333,13.121,5.997,596.942,6.464,-1.44,-2.971,10.767,13.121,-0.199,10.7668,13.1214,-0.1993,8.1345,-2.0446,1.0,1
9.15,12.926,6.074,597.004,6.5,-1.337,-2.978,10.705,12.926,-0.276,10.7047,12.9263,-0.2762,8.1722,-2.1359,1.0,1
9.1667,12.728,6.15,597.066,6.535,-1.233,-2.984,10.642,12.728,-0.352,10.6425,12.7279,-0.3523,8.2098,-2.2269,1.0,1
9.1833,12.526,6.226,597.128,6.569,-1.129,-2.989,10.58,12.526,-0.428,10.58,12.5264,-0.4276,8.2473,-2.3176,1.0,1
9.2,12.322,6.3,597.191,6.601,-1.025,-2.993,10.517,12.322,-0.502,10.5174,12.3218,-0.502,8.2848,-2.4079,1.0,1
9.2167,12.114,6.374,597.254,6.632,-0.921,-2.996,10.455,12.114,-0.576,10.4545,12.1142,-0.5757,8.2917,-2.4184,1.0,1
9.2333,11.904,6.446,597.317,6.662,-0.816,-2.998,10.391,11.904,-0.648,10.3915,11.9036,-0.6484,8.2785,-2.3795,1.0,1
9.25,11.69,6.518,597.38,6.691,-0.712,-3.0,10.328,11.69,-0.72,10.3283,11.6901,-0.7204,8.2641,-2.3406,1.0,1
9.2667,11.474,6.589,597.444,6.718,-0.607,-3.0,10.265,11.474,-0.791,10.2648,11.4736,-0.7914,8.2485,-2.3017,1.0,1
9.2833,11.254,6.66,597.507,6.744,-0.503,-2.999,10.201,11.254,-0.862,10.2012,11.2544,-0.8616,8.2316,-2.2627,1.0,1
9.3,11.032,6.729,597.571,6.769,-0.398,-2.998,10.137,11.032,-0.931,10.1375,11.0323,-0.9309,8.2135,-2.2237,1.0,1
9.3167,10.808,6.797,597.635,6.793,-0.293,-2.995,10.074,10.808,-0.999,10.0735,10.8076,-0.9993,8.1941,-2.1847,1.0,1
9.3333,10.58,6.865,597.699,6.815,-0.189,-2.992,10.009,10.58,-1.067,10.0094,10.5801,-1.0668,8.1735,-2.1456,1.0,1
9.35,10.35,6.931,597.763,6.836,-0.084,-2.987,9.945,10.35,-1.133,9.9452,10.3501,-1.1334,8.1517,-2.1065,1.0,1
9.3667,10.118,6.997,597.828,6.856,0.021,-2.982,9.881,10.118,-1.199,9.8807,10.1175,-1.199,8.1286,-2.0674,1.0,1
9.3833,9.882,7.062,597.892,6.875,0.125,-2.976,9.816,9.882,-1.264,9.8161,9.8824,-1.2638,8.1043,-2.0283,1.0,1
9.4,9.645,7.126,597.957,6.892,0.23,-2.969,9.751,9.645,-1.328,9.7514,9.6449,-1.3276,8.0788,-1.9891,1.0,1
9.4167,9.405,7.188,598.022,6.908,0.335,-2.96,9.687,9.405,-1.39,9.6866,9.405,-1.3904,8.0519,-1.95,1.0,1
9.4333,9.163,7.25,598.087,6.923,0.439,-2.951,9.622,9.163,-1.452,9.6215,9.1627,-1.4523,8.0239,-1.9108,1.0,1
9.45,8.918,7.311,598.152,6.936,0.544,-2.941,9.556,8.918,-1.513,9.5564,8.9183,-1.5133,7.9946,-1.8716,1.0,1
9.4667,8.672,7.371,598.217,6.948,0.649,-2.93,9.491,8.672,-1.573,9.4911,8.6716,-1.5732,7.9641,-1.8324,1.0,1
9.4833,8.423,7.43,598.283,6.959,0.753,-2.918,9.426,8.423,-1.632,9.4257,8.4227,-1.6322,7.9323,-1.7932,1.0,1
9.5,8.172,7.488,598.348,6.969,0.857,-2.905,9.36,8.172,-1.69,9.3602,8.1718,-1.6902,7.8992,-1.754,1.0,1
9.5167,7.919,7.545,598.414,6.977,0.962,-2.892,9.295,7.919,-1.747,9.2946,7.9189,-1.7473,7.865,-1.7149,1.0,1
9.5333,7.664,7.601,598.48,6.984,1.066,-2.877,9.229,7.664,-1.803,9.2288,7.664,-1.8033,7.8295,-1.6757,1.0,1
9.55,7.407,7.656,598.545,6.99,1.17,-2.861,9.163,7.407,-1.858,9.163,7.4073,-1.8583,7.7927,-1.6365,1.0,1
9.5667,7.149,7.71,598.611,6.994,1.274,-2.845,9.097,7.149,-1.912,9.097,7.1487,-1.9123,7.7548,-1.5973,1.0,1
9.5833,6.888,7.763,598.677,6.998,1.378,-2.827,9.031,6.888,-1.965,9.031,6.8883,-1.9652,7.7156,-1.5582,1.0,1
9.6,6.626,7.815,598.744,6.999,1.481,-2.809,8.965,6.626,-2.017,8.9648,6.6262,-2.0172,7.6752,-1.5191,1.0,1
9.6167,6.363,7.866,598.81,7.0,1.585,-2.79,8.899,6.363,-2.068,8.8986,6.3625,-2.0681,7.6335,-1.4799,1.0,1
9.6333,6.097,7.916,598.876,6.999,1.688,-2.77,8.832,6.097,-2.118,8.8323,6.0973,-2.1179,7.5906,-1.4409,1.0,1
9.65,5.831,7.965,598.943,6.997,1.791,-2.749,8.766,5.831,-2.167,8.7659,5.8305,-2.1667,7.5466,-1.4018,1.0,1
9.6667,5.562,8.012,599.009,6.994,1.894,-2.727,8.699,5.562,-2.214,8.6994,5.5623,-2.2145,7.5013,-1.3628,1.0,1
9.6833,5.293,8.059,599.076,6.989,1.997,-2.704,8.633,5.293,-2.261,8.6329,5.2927,-2.2611,7.4547,-1.3238,1.0,1
9.7,5.022,8.105,599.142,6.983,2.099,-2.681,8.566,5.022,-2.307,8.5663,5.0218,-2.3068,7.407,-1.2849,1.0,1
9.7167,4.75,8.149,599.209,6.976,2.202,-2.657,8.5,4.75,-2.351,8.4996,4.7497,-2.3513,7.3581,-1.246,1.0,1
9.7333,4.476,8.193,599.276,6.968,2.304,-2.631,8.433,4.476,-2.395,8.4329,4.4764,-2.3948,7.308,-1.2072,1.0,1
9.75,4.202,8.235,599.342,6.958,2.405,-2.605,8.366,4.202,-2.437,8.3661,4.202,-2.4371,7.2567,-1.1684,1.0,1
9.7667,3.927,8.276,599.409,6.947,2.507,-2.578,8.299,3.927,-2.478,8.2993,3.9266,-2.4784,7.2043,-1.1297,1.0,1
9.7833,3.65,8.317,599.476,6.934,2.608,-2.551,8.232,3.65,-2.519,8.2325,3.6502,-2.5186,7.1506,-1.0911,1.0,1
9.8,3.373,8.356,599.543,6.921,2.709,-2.522,8.166,3.373,-2.558,8.1656,3.3729,-2.5577,7.0958,-1.0525,1.0,1
9.8167,3.095,8.394,599.61,6.906,2.81,-2.493,8.099,3.095,-2.596,8.0986,3.0947,-2.5956,7.0398,-1.014,1.0,1
9.8333,2.816,8.43,599.677,6.889,2.91,-2.463,8.032,2.816,-2.632,8.0317,2.8158,-2.6325,6.9827,-0.9755,1.0,1
9.85,2.536,8.466,599.744,6.872,3.01,-2.432,7.965,2.536,-2.668,7.9647,2.5362,-2.6682,6.9244,-0.9372,1.0,1
9.8667,2.256,8.501,599.811,6.853,3.11,-2.4,7.898,2.256,-2.703,7.8977,2.256,-2.7028,6.865,-0.8989,1.0,1
9.8833,1.975,8.534,599.878,6.833,3.209,-2.368,7.831,1.975,-2.736,7.8307,1.9752,-2.7363,6.8044,-0.8608,1.0,1
9.9,1.694,8.567,599.945,6.812,3.308,-2.335,7.764,1.694,-2.769,7.7637,1.6939,-2.7687,6.7427,-0.8227,1.0,1
9.9167,1.412,8.598,600.012,6.789,3.407,-2.301,7.697,1.412,-2.8,7.6967,1.4123,-2.7999,6.6799,-0.7847,1.0,1
9.9333,1.13,8.628,600.079,6.765,3.505,-2.266,7.63,1.13,-2.83,7.6296,1.1302,-2.8299,6.616,-0.7469,1.0,1
9.95,0.848,8.657,600.146,6.74,3.603,-2.231,7.563,0.848,-2.859,7.5626,0.8479,-2.8589,6.551,-0.7091,1.0,1
9.9667,0.565,8.685,600.213,6.714,3.7,-2.195,7.496,0.565,-2.887,7.4956,0.5654,-2.8867,6.4849,-0.6715,1.0,1
9.9833,0.283,8.711,600.28,6.686,3.798,-2.158,7.429,0.283,-2.913,7.4286,0.2827,-2.9133,6.4177,-0.634,1.0,1
10.0,0.0,8.737,600.347,6.657,3.894,-2.12,7.362,0.0,-2.939,7.3617,0.0,-2.9388,6.3494,-0.5966,1.0,1
10.0167,-0.283,8.761,600.414,6.627,3.99,-2.082,7.295,-0.283,-2.963,7.2947,-0.2827,-2.9631,6.2801,-0.5594,1.0,1
10.0333,-0.565,8.784,600.481,6.596,4.086,-2.043,7.228,-0.565,-2.986,7.2278,-0.5654,-2.9862,6.2097,-0.5223,1.0,1
10.05,-0.848,8.806,600.548,6.564,4.182,-2.004,7.161,-0.848,-3.008,7.1609,-0.8479,-3.0082,6.1383,0.0,1.0,1
10.0667,-1.13,8.827,600.614,6.53,4.276,-1.964,7.094,-1.13,-3.029,7.0941,-1.1302,-3.029,6.0658,0.0,1.0,1
10.0833,-1.412,8.847,600.681,6.495,4.371,-1.923,7.027,-1.412,-3.049,7.0273,-1.4123,-3.0487,5.9924,0.0,1.0,1
10.1,-1.694,8.865,600.748,6.459,4.465,-1.882,6.961,-1.694,-3.067,6.9605,-1.6939,-3.0671,5.9179,0.0,1.0,1
10.1167,-1.975,8.882,600.815,6.421,4.558,-1.84,6.894,-1.975,-3.084,6.8938,-1.9752,-3.0844,5.8424,0.0,1.0,1
10.1333,-2.256,8.899,600.881,6.383,4.651,-1.798,6.827,-2.256,-3.101,6.8272,-2.256,-3.1005,5.766,0.0,1.0,1
10.15,-2.536,8.913,600.948,6.343,4.744,-1.755,6.761,-2.536,-3.115,6.7606,-2.5362,-3.1155,5.6885,0.0,1.0,1
10.1667,-2.816,8.927,601.014,6.302,4.836,-1.711,6.694,-2.816,-3.129,6.6941,-2.8158,-3.1292,5.6102,0.0,1.0,1
10.1833,-3.095,8.94,601.081,6.26,4.927,-1.667,6.628,-3.095,-3.142,6.6277,-3.0947,-3.1418,5.5308,0.0,1.0,1
10.2,-3.373,8.951,601.147,6.217,5.018,-1.622,6.561,-3.373,-3.153,6.5613,-3.3729,-3.1532,5.4506,0.0,1.0,1
10.2167,-3.65,8.961,601.213,6.173,5.108,-1.577,6.495,-3.65,-3.163,6.495,-3.6502,-3.1634,5.3694,0.0,1.0,1
10.2333,-3.927,8.97,601.28,6.127,5.198,-1.531,6.429,-3.927,-3.172,6.4288,-3.9266,-3.1724,5.2873,0.0,1.0,1
10.25,-4.202,8.978,601.346,6.08,5.287,-1.485,6.363,-4.202,-3.18,6.3627,-4.202,-3.1802,5.2043,0.0,1.0,1
10.2667,-4.476,8.985,601.412,6.033,5.376,-1.439,6.297,-4.476,-3.187,6.2967,-4.4764,-3.1868,5.1204,0.0,1.0,1
10.2833,-4.75,8.99,601.478,5.984,5.464,-1.391,6.231,-4.75,-3.192,6.2307,-4.7497,-3.1922,5.0356,0.0,1.0,1
10.3,-5.022,8.994,601.544,5.934,5.551,-1.344,6.165,-5.022,-3.196,6.1649,-5.0218,-3.1965,4.95,0.0,1.0,1
10.3167,-5.293,8.997,601.609,5.883,5.638,-1.296,6.099,-5.293,-3.2,6.0992,-5.2927,-3.1995,4.8636,0.0,1.0,1
10.3333,-5.562,8.999,601.675,5.83,5.724,-1.248,6.034,-5.562,-3.201,6.0336,-5.5623,-3.2014,4.7763,0.0,1.0,1
10.35,-5.831,9.0,601.74,5.777,5.81,-1.199,5.968,-5.831,-3.202,5.9682,-5.8305,-3.202,4.6883,0.0,1.0,1
10.3667,-6.097,8.999,601.806,5.723,5.895,-1.15,5.903,-6.097,-3.202,5.9028,-6.0973,-3.2015,4.5994,0.0,1.0,1
10.3833,-6.363,8.998,601.871,5.667,5.979,-1.1,5.838,-6.363,-3.2,5.8376,-6.3625,-3.1998,4.5098,0.0,1.0,1
10.4,-6.626,8.995,601.936,5.611,6.062,-1.05,5.772,-6.626,-3.197,5.7725,-6.6262,-3.1968,4.4194,0.0,1.0,1
10.4167,-6.888,8.991,602.001,5.553,6.145,-1.0,5.708,-6.888,-3.193,5.7075,-6.8883,-3.1927,4.3282,0.0,1.0,1
10.4333,-7.149,8.985,602.066,5.495,6.228,-0.95,5.643,-7.149,-3.187,5.6427,-7.1487,-3.1874,4.2364,0.0,1.0,1
10.45,-7.407,8.979,602.13,5.435,6.309,-0.899,5.578,-7.407,-3.181,5.578,-7.4073,-3.1809,4.1438,0.0,1.0,1
10.4667,-7.664,8.971,602.195,5.375,6.39,-0.848,5.514,-7.664,-3.173,5.5135,-7.664,-3.1732,4.0505,0.0,1.0,1
10.4833,-7.919,8.962,602.259,5.313,6.47,-0.796,5.449,-7.919,-3.164,5.4491,-7.9189,-3.1643,3.9565,0.0,1.0,1
10.5,-8.172,8.952,602.324,5.251,6.55,-0.745,5.385,-8.172,-3.154,5.3849,-8.1718,-3.1543,3.8619,0.0,1.0,1
10.5167,-8.423,8.941,602.388,5.187,6.629,-0.693,5.321,-8.423,-3.143,5.3209,-8.4227,-3.143,3.7666,0.0,1.0,1
10.5333,-8.672,8.928,602.451,5.123,6.707,-0.641,5.257,-8.672,-3.131,5.257,-8.6716,-3.1305,3.6707,0.0,1.0,1
10.55,-8.918,8.915,602.515,5.057,6.784,-0.589,5.193,-8.918,-3.117,5.1933,-8.9183,-3.1169,3.5742,0.0,1.0,1
10.5667,-9.163,8.9,602.579,4.991,6.861,-0.536,5.13,-9.163,-3.102,5.1297,-9.1627,-3.1021,3.477,0.0,1.0,1
10.5833,-9.405,8.884,602.642,4.924,6.936,-0.484,5.066,-9.405,-3.086,5.0664,-9.405,-3.0861,3.3793,0.0,1.0,1
10.6,-9.645,8.867,602.705,4.856,7.011,-0.431,5.003,-9.645,-3.069,5.0032,-9.6449,-3.0689,3.2811,0.0,1.0,1
10.6167,-9.882,8.849,602.768,4.786,7.086,-0.378,4.94,-9.882,-3.051,4.9402,-9.8824,-3.0506,3.1823,0.0,1.0,1
10.6333,-10.118,8.829,602.831,4.717,7.159,-0.325,4.877,-10.118,-3.031,4.8775,-10.1175,-3.031,3.083,0.0,1.0,1
10.65,-10.35,8.808,602.894,4.646,7.232,-0.272,4.815,-10.35,-3.01,4.8149,-10.3501,-3.0103,2.9831,0.0,1.0,1
10.6667,-10.58,8.786,602.956,4.574,7.304,-0.218,4.753,-10.58,-2.988,4.7525,-10.5801,-2.9885,2.8828,0.0,1.0,1
10.6833,-10.808,8.763,603.018,4.501,7.375,-0.165,4.69,-10.808,-2.965,4.6903,-10.8076,-2.9654,2.782,0.0,1.0,1
10.7,-11.032,8.739,603.08,4.428,7.445,-0.112,4.628,-11.032,-2.941,4.6284,-11.0323,-2.9412,2.6808,0.0,1.0,1
10.7167,-11.254,8.714,603.142,4.354,7.515,-0.058,4.567,-11.254,-2.916,4.5666,-11.2544,-2.9159,2.5791,0.0,1.0,1
10.7333,-11.474,8.687,603.203,4.279,7.583,-0.005,4.505,-11.474,-2.889,4.5051,-11.4736,-2.8894,2.4771,0.0,1.0,1
10.75,-11.69,8.66,603.265,4.203,7.651,0.048,4.444,-11.69,-2.862,4.4438,-11.6901,-2.8617,2.3746,0.0,1.0,1
10.7667,-11.904,8.631,603.326,4.126,7.718,0.102,4.383,-11.904,-2.833,4.3827,-11.9036,-2.8329,2.2717,0.0,1.0,1
10.7833,-12.114,8.601,603.387,4.049,7.784,0.155,4.322,-12.114,-2.803,4.3219,-12.1142,-2.8029,2.1685,0.0,1.0,1
10.8,-12.322,8.57,603.447,3.971,7.85,0.209,4.261,-12.322,-2.772,4.2613,-12.3218,-2.7718,2.065,0.0,1.0,1
10.8167,-12.526,8.538,603.508,3.892,7.914,0.262,4.201,-12.526,-2.74,4.2009,-12.5264,-2.7396,1.9612,0.0,1.0,1
10.8333,-12.728,8.504,603.568,3.812,7.978,0.315,4.141,-12.728,-2.706,4.1408,-12.7279,-2.7062,1.857,0.0,1.0,1
10.85,-12.926,8.47,603.628,3.732,8.04,0.368,4.081,-12.926,-2.672,4.081,-12.9263,-2.6717,1.7526,1.0103,1.0,1
10.8667,-13.121,8.434,603.687,3.651,8.102,0.421,4.021,-13.121,-2.636,4.0214,-13.1214,-2.6361,1.6479,1.0335,1.0,1
10.8833,-13.313,8.397,603.746,3.57,8.163,0.474,3.962,-13.313,-2.599,3.962,-13.3134,-2.5994,1.543,1.0563,1.0,1
10.9,-13.502,8.359,603.806,3.487,8.223,0.526,3.903,-13.502,-2.561,3.9029,-13.502,-2.5615,1.4379,1.0787,1.0,1
10.9167,-13.687,8.32,603.864,3.404,8.282,0.579,3.844,-13.687,-2.523,3.8441,-13.6873,-2.5225,1.3326,1.1007,1.0,1
10.9333,-13.869,8.28,603.923,3.321,8.341,0.631,3.786,-13.869,-2.482,3.7856,-13.8692,-2.4825,1.2271,1.1222,1.0,1
10.95,-14.048,8.239,603.981,3.237,8.398,0.683,3.727,-14.048,-2.441,3.7273,-14.0477,-2.4413,1.1214,1.1434,1.0,1
10.9667,-14.223,8.197,604.039,3.152,8.454,0.735,3.669,-14.223,-2.399,3.6693,-14.2228,-2.399,1.0156,1.1641,1.0,1
10.9833,-14.394,8.154,604.097,3.066,8.51,0.787,3.612,-14.394,-2.356,3.6116,-14.3943,-2.3557,0.9097,1.1844,1.0,1
11.0,-14.562,8.109,604.154,2.98,8.564,0.838,3.554,-14.562,-2.311,3.5542,-14.5623,-2.3113,0.8037,1.2043,1.0,1
11.0167,-14.727,8.064,604.211,2.894,8.618,0.889,3.497,-14.727,-2.266,3.497,-14.7267,-2.2657,0.6977,1.2238,1.0,1
11.0333,-14.887,8.017,604.268,2.807,8.671,0.94,3.44,-14.887,-2.219,3.4402,-14.8875,-2.2192,0.5915,1.2428,1.0,1
11.05,-15.045,7.969,604.325,2.719,8.722,0.991,3.384,-15.045,-2.172,3.3837,-15.0445,-2.1715,0.0,1.2614,1.0,1
11.0667,-15.198,7.921,604.381,2.631,8.773,1.041,3.327,-15.198,-2.123,3.3274,-15.1979,-2.1228,0.0,1.2796,1.0,1
11.0833,-15.348,7.871,604.437,2.543,8.823,1.091,3.272,-15.348,-2.073,3.2715,-15.3475,-2.0731,0.0,1.2974,1.0,1
11.1,-15.493,7.82,604.493,2.454,8.872,1.141,3.216,-15.493,-2.022,3.2159,-15.4934,-2.0223,0.0,1.3147,1.0,1
11.1167,-15.635,7.768,604.548,2.364,8.919,1.19,3.161,-15.635,-1.97,3.1606,-15.6354,-1.9705,0.0,1.3315,1.0,1
11.1333,-15.774,7.716,604.603,2.274,8.966,1.239,3.106,-15.774,-1.918,3.1056,-15.7735,-1.9176,0.0,1.3479,1.0,1
11.15,-15.908,7.662,604.657,2.184,9.012,1.287,3.051,-15.908,-1.864,3.051,-15.9078,-1.8637,0.0,1.3639,1.0,1
11.1667,-16.038,7.607,604.712,2.093,9.057,1.335,2.997,-16.038,-1.809,2.9966,-16.0381,-1.8088,0.0,1.3794,1.0,1
11.1833,-16.164,7.551,604.766,2.002,9.101,1.383,2.943,-16.164,-1.753,2.9426,-16.1645,-1.7529,0.0,1.3945,1.0,1
11.2,-16.287,7.494,604.819,1.911,9.144,1.43,2.889,-16.287,-1.696,2.889,-16.2869,-1.696,0.0,1.4092,1.0,1
11.2167,-16.405,7.436,604.873,1.819,9.186,1.477,2.836,-16.405,-1.638,2.8357,-16.4053,-1.6381,0.0,1.4234,1.0,1
11.2333,-16.52,7.377,604.926,1.727,9.227,1.523,2.783,-16.52,-1.579,2.7827,-16.5196,-1.5792,0.0,1.4371,1.0,1
11.25,-16.63,7.317,604.978,1.634,9.266,1.569,2.73,-16.63,-1.519,2.73,-16.6298,-1.5193,0.0,1.4504,1.0,1
11.2667,-16.736,7.256,605.031,1.541,9.305,1.614,2.678,-16.736,-1.458,2.6778,-16.736,-1.4585,0.0,1.4632,1.0,1
11.2833,-16.838,7.195,605.083,1.448,9.343,1.659,2.626,-16.838,-1.397,2.6258,-16.838,-1.3967,0.0,1.4756,1.0,1
11.3,-16.936,7.132,605.134,1.355,9.38,1.703,2.574,-16.936,-1.334,2.5742,-16.9359,-1.3339,-1.0975,1.4876,1.0,1
11.3167,-17.03,7.068,605.185,1.261,9.416,1.747,2.523,-17.03,-1.27,2.523,-17.0295,-1.2702,-1.2014,1.4991,1.0,1
11.3333,-17.119,7.003,605.236,1.167,9.451,1.79,2.472,-17.119,-1.206,2.4722,-17.119,-1.2055,-1.3051,1.5101,1.0,1
11.35,-17.204,6.938,605.287,1.073,9.484,1.832,2.422,-17.204,-1.14,2.4217,-17.2043,-1.14,-1.4084,1.5207,1.0,1
11.3667,-17.285,6.871,605.337,0.979,9.517,1.874,2.372,-17.285,-1.073,2.3716,-17.2853,-1.0735,-1.5114,1.5309,1.0,1
11.3833,-17.362,6.804,605.387,0.885,9.549,1.916,2.322,-17.362,-1.006,2.3218,-17.362,-1.0061,-1.614,1.5405,1.0,1
11.4,-17.434,6.736,605.436,0.79,9.579,1.957,2.272,-17.434,-0.938,2.2725,-17.4345,-0.9377,-1.7162,1.5498,1.0,1
11.4167,-17.503,6.666,605.485,0.695,9.609,1.997,2.223,-17.503,-0.869,2.2235,-17.5027,-0.8685,-1.818,1.5586,1.0,1
11.4333,-17.567,6.596,605.534,0.6,9.637,2.036,2.175,-17.567,-0.798,2.1749,-17.5665,-0.7984,-1.9194,1.5669,1.0,1
11.45,-17.626,6.525,605.582,0.505,9.665,2.075,2.127,-17.626,-0.727,2.1267,-17.626,-0.7275,-2.0204,1.5748,1.0,1
11.4667,-17.681,6.454,605.63,0.41,9.691,2.113,2.079,-17.681,-0.656,2.0789,-17.6812,-0.6557,-2.1208,1.5823,1.0,1
11.4833,-17.732,6.381,605.677,0.315,9.716,2.151,2.031,-17.732,-0.583,2.0315,-17.732,-0.583,-2.2208,1.5893,1.0,1
11.5,-17.778,6.307,605.724,0.22,9.74,2.188,1.984,-17.778,-0.509,1.9844,-17.7784,-0.5094,-2.3203,1.5958,1.0,1
11.5167,-17.82,6.233,605.771,0.125,9.764,2.224,1.938,-17.82,-0.435,1.9378,-17.8204,-0.4351,-2.4193,1.6019,1.0,1
11.5333,-17.858,6.158,605.817,0.029,9.786,2.259,1.892,-17.858,-0.36,1.8916,-17.8581,-0.3599,-2.5008,1.5641,1.0,1
11.55,-17.891,6.082,605.863,-0.066,9.807,2.294,1.846,-17.891,-0.284,1.8458,-17.8913,-0.2839,-2.5796,1.5222,1.0,1
11.5667,-17.92,6.005,605.908,-0.161,9.827,2.328,1.8,-17.92,-0.207,1.8004,-17.9201,-0.207,-2.6576,1.4811,1.0,1
11.5833,-17.945,5.927,605.953,-0.257,9.846,2.362,1.755,-17.945,-0.129,1.7554,-17.9445,-0.1294,-2.7349,1.4407,1.0,1
11.6,-17.964,5.849,605.998,-0.352,9.863,2.394,1.711,-17.964,-0.051,1.7109,-17.9645,-0.051,-2.8113,1.4011,1.0,1
11.6167,-17.98,5.77,606.042,-0.447,9.88,2.426,1.667,-17.98,0.028,1.6667,-17.98,0.0282,-2.887,1.3622,1.0,1
11.6333,-17.991,5.69,606.085,-0.542,9.896,2.457,1.623,-17.991,0.108,1.623,-17.9911,0.1081,-2.9618,1.3241,1.0,1
11.65,-17.998,5.609,606.129,-0.637,9.91,2.487,1.58,-17.998,0.189,1.5797,-17.9978,0.1888,-3.0359,1.2867,1.0,1
11.6667,-18.0,5.528,606.172,-0.732,9.924,2.517,1.537,-18.0,0.27,1.5368,-18.0,0.2703,-3.1091,1.25,1.0,1
11.6833,-17.998,5.446,606.214,-0.826,9.936,2.545,1.494,-17.998,0.352,1.4944,-17.9978,0.3524,-3.1816,1.2141,1.0,1
11.7,-17.991,5.363,606.256,-0.921,9.947,2.573,1.452,-17.991,0.435,1.4524,-17.9911,0.4353,-3.2532,1.1789,1.0,1
11.7167,-17.98,5.279,606.298,-1.015,9.958,2.6,1.411,-17.98,0.519,1.4109,-17.98,0.519,-3.3241,1.1444,1.0,1
11.7333,-17.964,5.195,606.339,-1.11,9.967,2.627,1.37,-17.964,0.603,1.3698,-17.9645,0.6033,-3.3941,1.1106,1.0,1
11.75,-17.945,5.11,606.379,-1.204,9.975,2.652,1.329,-17.945,0.688,1.3291,-17.9445,0.6883,-3.4633,1.0775,1.0,1
11.7667,-17.92,5.024,606.42,-1.297,9.982,2.676,1.289,-17.92,0.774,1.2889,-17.9201,0.774,-3.5317,1.0452,1.0,1
11.7833,-17.891,4.938,606.459,-1.391,9.987,2.7,1.249,-17.891,0.86,1.2491,-17.8913,0.8603,-3.5993,1.0135,1.0,1
11.8,-17.858,4.851,606.499,-1.484,9.992,2.723,1.21,-17.858,0.947,1.2098,-17.8581,0.9473,-3.6661,0.9826,1.0,1
11.8167,-17.82,4.763,606.538,-1.577,9.996,2.745,1.171,-17.82,1.035,1.1709,-17.8204,1.035,-3.732,0.9523,1.0,1
11.8333,-17.778,4.675,606.576,-1.67,9.998,2.766,1.133,-17.778,1.123,1.1325,-17.7784,1.1232,-3.7971,0.9227,1.0,1
11.85,-17.732,4.586,606.614,-1.762,10.0,2.786,1.095,-17.732,1.212,1.0946,-17.732,1.2121,-3.8614,0.8938,1.0,1
11.8667,-17.681,4.496,606.651,-1.854,10.0,2.806,1.057,-17.681,1.302,1.0571,-17.6812,1.3016,-3.9248,0.8656,1.0,1
11.8833,-17.626,4.406,606.688,-1.946,9.999,2.824,1.02,-17.626,1.392,1.0201,-17.626,1.3917,-3.9874,0.838,1.0,1
11.9,-17.567,4.316,606.725,-2.037,9.997,2.842,0.984,-17.567,1.482,0.9836,-17.5665,1.4824,-4.0492,0.8111,1.0,1
11.9167,-17.503,4.224,606.761,-2.128,9.994,2.858,0.948,-17.503,1.574,0.9475,-17.5027,1.5737,-4.1101,0.7849,1.0,1
11.9333,-17.434,4.132,606.797,-2.219,9.99,2.874,0.912,-17.434,1.666,0.9119,-17.4345,1.6655,-4.1701,0.7593,1.0,1
11.95,-17.362,4.04,606.832,-2.309,9.985,2.889,0.877,-17.362,1.758,0.8768,-17.362,1.7579,-4.2294,0.7343,1.0,1
11.9667,-17.285,3.947,606.866,-2.399,9.979,2.903,0.842,-17.285,1.851,0.8422,-17.2853,1.8508,-4.2877,0.71,1.0,1
11.9833,-17.204,3.854,606.9,-2.488,9.972,2.916,0.808,-17.204,1.944,0.808,-17.2043,1.9442,-4.3452,0.6863,1.0,1
